Symbol,Name,IPO date,Market cap,Merger pending?,Leverage factor,Momentum factor 10,Momentum factor 200,Last Close Price,Shares outstanding,Average trading volume,% traded,Action,DB Ptnr?
AEHA,Aesther Healthcare Acquisition Corp Class A,11/5/2021,$0 ,N,0,0.94,0.97,9.96,0,"1,290,718",0.00%,Analyze,
CETU,Cetus Capital Acquisition Corp. Class A,3/23/2023,$0 ,N,0,0,0,0,0,0,0.00%,Analyze,
CETUR,Cetus Capital Acquisition Corp. Right to receive 1/6 of one share of Class A,3/23/2023,$0 ,N,0,0,0,0,0,0,0.00%,Analyze,
EFHT,EF Hutton Acquisition Corporation I,12/7/2022,$0 ,N,0,1.17,1.17,10.26,0,"11,403",0.00%,Analyze,
EFHTR,EF Hutton Acquisition Corporation I Rights,12/7/2022,$0 ,N,0,1.12,1.12,0.13,0,"495,000",0.00%,Analyze,
TENK,TenX Keane Acquisition,12/8/2022,$0 ,N,0,1.01,1.01,10.38,0,"19,709",0.00%,Analyze,
ARCK,Arbor Rapha Capital Bioholdings Corp. I Class A,1/28/2011,$0 ,N,0,1.04,1.17,12.05,"61,332","24,465",39.89%,Analyze,
FOXW,FoxWayne Enterprises Acquisition Corp. - Class A,2/25/2021,$0 ,N,0,1.01,1.01,10.26,"1,393,678",331,0.02%,Analyze,
KWAC,Kingswood Acquisition Corp. Class A,2/17/2021,$0 ,N,0,1.01,1.02,10.6,"1,463,256",100,0.01%,Analyze,
IGAC,IG Acquisition Corp. - Class A,11/23/2020,$0 ,N,0,1,1.01,10.12,"2,535,838","5,100",0.20%,Analyze,
DTRT,DTRT Health Acquisition Corp. Class A,10/25/2021,$0 ,N,0,1,1.02,10.34,"3,220,773","1,860",0.06%,Analyze,
PMVC,PMV Consumer Acquisition Corp. Class A,11/12/2020,$0 ,N,0,1.02,1.01,10.04,"5,046,609",720,0.01%,Analyze,
DILA,DILA Capital Acquisition Corp. Class A,8/4/2021,$0 ,N,0,1,1.01,10.04,"6,121,980","3,068",0.05%,Analyze,
THCA,Tuscan Holdings Corp. II,7/30/2019,$0 ,N,0,1,1.01,10.47,"7,355,601",310,0.00%,Analyze,
PAFO,Pacifico Acquisition Corp.,9/27/2021,$0 ,N,0,1.06,0.81,7.5,"7,495,000","112,395",1.50%,Analyze,
FVAM,5:01 Acquisition Corp. - Class A,10/14/2020,$0 ,N,0,1,1.01,10.01,"8,621,399","519,323",6.02%,Analyze,
PCX,Parsec Capital Acquisitions Corp Class A,12/28/2007,$0 ,N,0,1,1.01,10.19,"8,625,000","53,305",0.62%,Analyze,
GWII,Good Works II Acquisition Corp.,8/23/2021,$0 ,N,0,1.01,1.01,10.11,"8,874,470","2,492",0.03%,Analyze,
CPAQ,Counter Press Acquisition Corporation - Class A,4/1/2022,$0 ,N,0,1.01,1.02,10.33,"9,135,625","64,002",0.70%,Analyze,
MSAC,Medicus Sciences Acquisition Corp. Class A Ordinary Share,4/5/2021,$0 ,N,0,1.01,1.03,10.17,"9,292,000","1,522",0.02%,Analyze,
TMPM,Turmeric Acquisition Corp. - Class A,12/16/2020,$0 ,N,0,1,1.01,10.03,"9,775,000","15,659",0.16%,Analyze,
JYAC,Jiya Acquisition Corp. - Class A,11/19/2020,$0 ,N,0,1,1.01,10.04,"10,859,081","1,461",0.01%,Analyze,
GGGV,G3 VRM Acquisition Corp. Class A,8/16/2021,$0 ,N,0,1,1,10.13,"11,301,670","2,547",0.02%,Analyze,
ADRA,Adara Acquisition Corp. Class A,12/17/2019,$0 ,N,0,0.75,0.37,3.6,"11,500,000","3,127",0.03%,Analyze,
OMEG,Omega Alpha SPAC - Class A,1/7/2021,$0 ,N,0,1,1.02,10.1,"14,301,000","33,021",0.23%,Analyze,
RICO,Agrico Acquisition Corp. - Class A,12/28/2007,$0 ,N,0,1.32,1.32,13.36,"14,518,750","25,738",0.18%,Analyze,
BLSA,BCLS Acquisition Corp. - Class A,10/22/2020,$0 ,N,0,1,1.01,10.03,"14,862,500","4,694",0.03%,Analyze,
RACB,Research Alliance Corp. II - Class A,3/18/2021,$0 ,N,0,1.01,1.02,10.11,"15,449,000","13,525",0.09%,Analyze,
PHIC,"Population Health Investment Co., Inc. - Class A",1/8/2021,$0 ,N,0,1,1.01,10.07,"17,250,000","1,048",0.01%,Analyze,
SANB,Sanaby Health Acquisition Corp. I - Class A,11/9/2021,$0 ,N,0,1.01,1.01,10.21,"17,250,000","113,173",0.66%,Analyze,
SPTK,SportsTek Acquisition Corp. Class A,5/10/2006,$0 ,N,0,1.01,1.03,10.15,"17,250,000","1,224",0.01%,Analyze,
THAC,Thrive Acquisition Corporation Class A,12/8/2021,$0 ,N,0,1,1.02,10.36,"17,250,000","7,588",0.04%,Analyze,
GAPA,G&P Acquisition Corp. Class A,5/3/2021,$0 ,N,0,1,1.01,10.15,"17,500,000","17,500",0.10%,Analyze,
KSI,Kadem Sustainable Impact Corporation - Class A,11/13/2000,$0 ,N,0,1,1.02,10.15,"17,500,000","230,331",1.32%,Analyze,
SRSA,Sarissa Capital Acquisition Corp. - Class A,12/11/2020,$0 ,N,0,1,1.01,10.04,"20,000,000","7,304",0.04%,Analyze,
TBSA,TB SA Acquisition Corp Class A Ordinary Share,5/13/2021,$0 ,N,0,1,1.02,10.2,"20,000,000","21,879",0.11%,Analyze,
RCHG,Recharge Acquisition Corp. - Class A,11/20/2020,$0 ,N,0,1,1.01,10.12,"20,040,000","4,257",0.02%,Analyze,
DLCA,Deep Lake Capital Acquisition Corp. - Class A,3/5/2021,$0 ,N,0,1,1.02,10.12,"20,700,000","250,837",1.21%,Analyze,
LFTR,Lefteris Acquisition Corp. - Class A,12/15/2020,$0 ,N,0,1,1.01,10.05,"20,709,894","7,867",0.04%,Analyze,
FRW,PWP Forward Acquisition Corp. I Class A,4/30/2021,$0 ,N,0,1,1.02,10.02,"21,163,433","1,110",0.01%,Analyze,
GLHA,Glass Houses Acquisition Corp. - Class A,5/13/2021,$0 ,N,0,1,1.02,10.06,"22,047,293","7,055",0.03%,Analyze,
SHQA,Shelter Acquisition Corporation I - Class A,8/20/2021,$0 ,N,0,1,1.01,10.02,"22,164,744","11,783",0.05%,Analyze,
AFAQ,AF Acquisition Corp.,3/26/2008,$0 ,N,0,1,1.02,10.02,"22,400,000",115,0.00%,Analyze,
AEAC,Authentic Equity Acquisition Corp. - Class A,3/8/2021,$0 ,N,0,1,1.02,10.14,"23,000,000","33,125",0.14%,Analyze,
DAOO,Crypto 1 Acquisition Corp Class A,1/12/2022,$0 ,N,0,1,1.01,10.13,"23,000,000","10,609",0.05%,Analyze,
ITQ,Itiquira Acquisition Corp. Class A,5/23/2005,$0 ,N,0,1,1.02,10.17,"23,000,000","66,025",0.29%,Analyze,
OSTR,Oyster Enterprises Acquisition Corp. - Class A,3/12/2021,$0 ,N,0,1,1.02,10.07,"23,000,000",730,0.00%,Analyze,
SHAC,SCP & CO Healthcare Acquisition Company Class A,3/15/2021,$0 ,N,0,1,1.02,10.07,"23,000,000","2,682",0.01%,Analyze,
FRON,Frontier Acquisition Corp. Class A,5/2/2021,$0 ,N,0,1,1.03,10.17,"23,660,000","21,994",0.09%,Analyze,
AKIC,Sports Ventures Acquisition Corp. - Class A,2/26/2021,$0 ,N,0,1,1.02,10.11,"23,660,000","116,595",0.49%,Analyze,
MON,Monument Circle Acquisition Corp. - Class A,3/12/2021,$0 ,N,0,0.99,1.01,10.06,"25,000,000","26,349",0.11%,Analyze,
TEKK,Tekkorp Digital Acquisition Corp. - Class A,12/18/2020,$0 ,N,0,1,1.01,10.04,"25,000,000","34,735",0.14%,Analyze,
IIII,INSU Acquisition Corp. III Class A,2/8/2021,$0 ,N,0,1,1.01,10.08,"25,575,000","167,791",0.66%,Analyze,
FTAA,FTAC Athena Acquisition Corp. Class A Ordinary Share,4/16/2021,$0 ,N,0,1,1.02,10.16,"25,660,000","460,591",1.80%,Analyze,
FTPA,FTAC Parnassus Acquisition Corp. Class A,5/3/2021,$0 ,N,0,1,1.02,10.13,"25,690,000","119,147",0.46%,Analyze,
POW,Powered Brands - Class A,5/24/2019,$0 ,N,0,1,1.02,10.13,"25,702,246","8,773",0.03%,Analyze,
GOBI,Gobi Acquisition Corp. - Class A,6/29/2021,$0 ,N,0,1,1.01,10,"25,853,388",480,0.00%,Analyze,
FSSI,Fortistar Sustainable Solutions Corp. Class A,3/19/2021,$0 ,N,0,1.01,1.02,10.08,"25,875,000","2,017",0.01%,Analyze,
GSAQ,Global Synergy Acquisition Corp.,3/1/2021,$0 ,N,0,1,1.01,10.01,"25,875,000",115,0.00%,Analyze,
ISLE,Isleworth Healthcare Acquisition Corporation,3/29/2021,$0 ,N,0,1,1.01,10.01,"26,191,249","235,597",0.90%,Analyze,
SHCA,Spindletop Health Acquisition Corp. Class A,12/27/2021,$0 ,N,0,0.98,1,10.06,"26,315,178","3,256",0.01%,Analyze,
GIW,"GigInternational1, Inc.",7/9/2021,$0 ,N,0,1,1.01,10.27,"27,084,000","5,372",0.02%,Analyze,
SWET,Athlon Acquisition Corp. - Class A,10/22/2002,$0 ,N,0,1,1.02,10.06,"27,600,000","478,669",1.73%,Analyze,
HLAH,"Hamilton Lane Alliance Holdings I, Inc. - Class A",3/5/2021,$0 ,N,0,1.01,1.02,10.08,"27,600,000","1,001,919",3.63%,Analyze,
KAIR,Kairos Acquisition Corp. - Class A,2/26/2021,$0 ,N,0,1,1.01,10.08,"27,600,000","2,704",0.01%,Analyze,
NVSA,New Vista Acquisition Corp Class A,4/12/2021,$0 ,N,0,1,1.02,10.17,"27,600,000","15,484",0.06%,Analyze,
PICC,Pivotal Investment Corporation III Class A,4/1/2021,$0 ,N,0,1,1.01,9.96,"27,600,000","7,318",0.03%,Analyze,
CLRM,Clarim Acquisition Corp. - Class A,3/22/2021,$0 ,N,0,1,1.02,10.07,"28,750,000","7,200",0.03%,Analyze,
DHBC,DHB Capital Corp. Class A,4/22/2021,$0 ,N,0,1,1.02,10.1,"28,750,000","22,940",0.08%,Analyze,
KLAQ,KL Acquisition Corp Class A,3/1/2021,$0 ,N,0,1,1.02,10.11,"28,750,000","3,674",0.01%,Analyze,
DRAY,Macondray Capital Acquisition Corp. I Class A,8/19/2021,$0 ,N,0,1.01,1.02,10.23,"28,750,000","5,647",0.02%,Analyze,
NOAC,Natural Order Acquisition Corp.,1/29/2021,$0 ,N,0,1,1.01,10.06,"28,750,000","100,641",0.35%,Analyze,
TZPS,TZP Strategies Acquisition Corp. - Class A,3/12/2021,$0 ,N,0,1,1.02,10.14,"28,750,000","385,444",1.34%,Analyze,
BSKY,"Big Sky Growth Partners, Inc. Class A",6/18/2021,$0 ,N,0,1,1.02,10.06,"30,000,000","19,626",0.07%,Analyze,
COVA,COVA Acquisition Corp. - Class A,3/30/2021,$0 ,N,0,1.05,1.06,10.55,"30,000,000","43,352",0.14%,Analyze,
GXII,GX Acquisition Corp. II Class A,5/9/2021,$0 ,N,0,0.68,0.68,6.69,"30,000,000","137,841",0.46%,Analyze,
SIER,Sierra Lake Acquisition Corp. Class A,11/5/2021,$0 ,N,0,1,1.01,10.11,"30,000,000","100,224",0.33%,Analyze,
TSIB,Tishman Speyer Innovation Corp. II Class A,4/4/2021,$0 ,N,0,1,1.02,10.06,"30,000,000",845,0.00%,Analyze,
SSAA,Science Strategic Acquisition Corp. Alpha - Class A,12/21/2009,$0 ,N,0,1,1.01,10.05,"31,050,000","1,159",0.00%,Analyze,
HMCO,HumanCo Acquisition Corp. - Class A,1/28/2021,$0 ,N,0,1,1.01,10.07,"31,250,000","1,344,984",4.30%,Analyze,
MUDS,Mudrick Capital Acquisition Corporation II - Class A,3/12/2018,$0 ,N,0,1,1.01,10.16,"31,625,000","1,132,866",3.58%,Analyze,
LEGA,"Lead Edge Growth Opportunities, Ltd Class A",5/13/2021,$0 ,N,0,1,1.03,10.2,"31,874,283","327,236",1.03%,Analyze,
COLI,Colicity Inc. Class A,4/16/2021,$0 ,N,0,1,1.02,10.07,"32,740,915","7,445",0.02%,Analyze,
PSAG,Property Solutions Acquisition Corporation II Class A,4/9/2021,$0 ,N,0,1,1.02,10.08,"32,839,000","15,755",0.05%,Analyze,
SCLE,Broadscale Acquisition Corp. Class A,4/5/2021,$0 ,N,0,1,1.02,10.05,"34,500,000","26,325",0.08%,Analyze,
HCIC,Hennessy Capital Investment Corp. V  - Class A,3/8/2021,$0 ,N,0,1,1.02,10.05,"34,500,000","6,801",0.02%,Analyze,
LUXA,Lux Health Tech Acquisition Corp. - Class A,12/16/2020,$0 ,N,0,1,1.01,10.04,"34,500,000","2,479,648",7.19%,Analyze,
OEPW,One Equity Partners Open Water I Corp. Class A,3/15/2021,$0 ,N,0,1,1.02,10.07,"34,500,000","4,024",0.01%,Analyze,
RXRA,RXR Acquisition Corp. Class A,4/26/2021,$0 ,N,0,1,1.02,10.04,"34,500,000","309,638",0.90%,Analyze,
SCOB,ScION Tech Growth II Class A,4/5/2021,$0 ,N,0,1,1.02,10.18,"34,500,000","101,666",0.29%,Analyze,
CPAR,Catalyst Partners Acquisition Corp. - Class A,7/14/2021,$0 ,N,0,1,1.02,10.07,"34,603,910","2,915",0.01%,Analyze,
NDAC,NightDragon Acquisition Corp. Class A,4/22/2021,$0 ,N,0,1.01,1.02,10.08,"35,535,000","59,135",0.17%,Analyze,
ARGU,Argus Capital Corp. Class A,11/12/2021,$0 ,N,0,1,1.02,10.26,"38,093,750",786,0.00%,Analyze,
PACX,Pioneer Merger Corp. - Class A,3/1/2021,$0 ,N,0,1,1.02,10.2,"40,250,000","1,852,693",4.60%,Analyze,
EPHY,Epiphany Technology Acquisition Corp. Class A,3/1/2021,$0 ,N,0,1.01,1.02,10.1,"41,050,000","41,455",0.10%,Analyze,
CTAQ,Carney Technology Acquisition Corp. II Class A,2/1/2021,$0 ,N,0,1,1.02,10.18,"41,150,000","344,122",0.84%,Analyze,
JOFF,JOFF Fintech Acquisition Corp. Class A,3/29/2021,$0 ,N,0,1,1.02,10.1,"41,400,000","84,245",0.20%,Analyze,
FINM,Marlin Technology Corporation - Class A,3/5/2021,$0 ,N,0,1,1.02,10.14,"41,400,000","117,134",0.28%,Analyze,
OHPA,Orion Acquisition Corp. Class A,4/22/2021,$0 ,N,0,1,1.02,10.08,"41,400,000","23,662",0.06%,Analyze,
GTPB,"Gores Technology Partners II, Inc. Class A",5/3/2021,$0 ,N,0,1,1.01,10,"46,000,000","117,089",0.25%,Analyze,
REVH,Revolution Healthcare Acquisition Corp. SAIL Class A,5/10/2021,$0 ,N,0,1,1.02,10.04,"47,503,005",371,0.00%,Analyze,
SVFA,SVF Investment Corp. - Class A,1/27/2021,$0 ,N,0,1,1.02,10.16,"49,607,445","2,093,272",4.22%,Analyze,
HAAC,Health Assurance Acquisition Corp. - Class A,1/14/2021,$0 ,N,0,1,1.01,10.05,"52,500,000","496,467",0.95%,Analyze,
GSEV,"Gores Holdings VII, Inc. Class A",4/14/2021,$0 ,N,0,1,1.01,9.99,"55,000,000","196,261",0.36%,Analyze,
LGAC,Lazard Growth Acquisition Corp. I,4/5/2021,$0 ,N,0,1,1.02,10.18,"57,500,000","17,804",0.03%,Analyze,
LMACA,Liberty Media Acquisition Corporation Series A,3/15/2021,$0 ,N,0,1,1.01,10.06,"57,500,000","52,152",0.09%,Analyze,
SCOA,ScION Tech Growth I - Class A,7/6/2001,$0 ,N,0,1,1.01,10.1,"57,500,000","114,079",0.20%,Analyze,
HIII,Hudson Executive Investment Corp. III Class A,4/16/2021,$0 ,N,0,1,1.02,10.08,"60,000,000","130,003",0.22%,Analyze,
ETAC,E.Merge Technology Acquisition Corp. - Class A,9/18/2020,$0 ,N,0,1,1.01,10.06,"61,200,000","48,921",0.08%,Analyze,
INKA,KludeIn I Acquisition Corp. - Class A,3/1/2021,"$6,440,305 ",N,0,0.96,0.99,10.05,"617,864","48,217",7.80%,Analyze,
AMAO,American Acquisition Opportunity Inc. Class A,4/29/2021,"$7,534,426 ",N,0,1.01,1.03,10.37,"742,308","17,251",2.32%,Analyze,
AGBA,AGBA Acquisition Limited,7/15/2019,"$9,333,606 ",N,0,0.76,0.23,1.56,"4,737,871","49,315",1.04%,Analyze,
KINZ,KINS Technology Group Inc. - Class A,2/4/2021,"$9,614,015 ",N,0,0.97,0.96,9.65,"938,090","34,675",3.70%,Analyze,
LEAP,"Ribbit LEAP, Ltd. Class A",11/2/2020,"$10,070,100 ",N,0,1,1.01,10.02,"1,005,000","7,976",0.79%,Analyze,
OLIT,OmniLit Acquisition Corp. Class A,1/24/2022,"$13,750,100 ",N,0,1,1.01,10.2,"1,348,049","5,269",0.39%,Analyze,
OXAC,Oxbridge Acquisition Corp. Class A,9/30/2021,"$13,976,455 ",N,0,1.01,1.05,10.68,"1,301,952","8,983",0.69%,Analyze,
BRLI,Brilliant Acquisition Corporation,7/22/2020,"$19,802,390 ",N,0,1,1.03,10.9,"1,816,733","4,279",0.24%,Analyze,
MTAC,MedTech Acquisition Corporation Class A,2/8/2021,"$20,022,576 ",N,0,1,1.02,10.17,"1,953,422",309,0.02%,Analyze,
GRCY,Greencity Acquisition Corporation,8/28/2020,"$20,578,272 ",N,0,1.01,1.03,10.91,"1,870,752","2,803",0.15%,Analyze,
JWSM,Jaws Mustang Acquisition Corp. Class A,3/26/2021,"$21,015,104 ",N,0,1,1,10,"2,103,614","17,363",0.83%,Analyze,
CRU,Crucible Acquisition Corporation Class A,11/14/2011,"$22,612,500 ",N,0,1,1.01,10.05,"2,250,000","85,276",3.79%,Analyze,
UPTD,TradeUP Acquisition Corp.,9/7/2021,"$24,440,861 ",N,0,1.01,1.03,10.49,"2,329,920","7,912",0.34%,Analyze,
OHAA,OPY Acquisition Corp. I - Class A,12/20/2021,"$24,943,871 ",N,0,0.99,1,10.01,"2,479,510",700,0.03%,Analyze,
ADOC,Edoc Acquisition Corp. - Class A,12/10/2020,"$27,870,750 ",N,0,1.01,1.04,10.8,"2,580,625","1,333",0.05%,Analyze,
SMX,SMX (Security Matters) Public Limited Company - Class A,12/9/2021,"$29,026,685 ",N,0,0.26,0.13,1.25,"22,501,306","514,681",2.29%,Analyze,
NRAC,Noble Rock Acquisition Corporation - Class A,3/25/2021,"$29,949,323 ",N,0,1.01,1.03,10.28,"2,909,170","32,837",1.13%,Analyze,
ADRT,Ault Disruptive Technologies Corporation,2/7/2022,"$29,986,250 ",N,0,1,1.03,10.43,"2,875,000","7,741",0.27%,Analyze,
SWAG,Software Acquisition Group Inc. III Class A,9/20/2021,"$30,416,928 ",N,0,0.94,0.28,1.6,"18,632,115","38,185",0.20%,Analyze,
CLAY,Chavant Capital Acquisition Corp.,8/13/2021,"$30,918,256 ",N,0,1.02,1.05,10.62,"2,953,033",789,0.03%,Analyze,
BRAC,Broad Capital Acquisition Corp,10/25/2017,"$31,434,327 ",N,0,1,1.04,10.45,"2,990,897","1,040",0.03%,Analyze,
EDTX,EdtechX Holdings Acquisition Corp. II - Class A,12/24/2019,"$34,300,320 ",N,0,1.04,1.06,10.88,"3,149,708",101,0.00%,Analyze,
CFFE,CF Acquisition Corp. VIII Class A,5/3/2021,"$37,276,394 ",N,0,1.01,1.04,10.65,"3,500,098","4,758",0.14%,Analyze,
GBRG,Goldenbridge Acquisition Limited,4/16/2021,"$37,684,511 ",N,0,1,1.02,10.5,"3,561,863","4,045",0.11%,Analyze,
HPX,HPX Corp. Class A,9/8/2020,"$38,241,878 ",N,0,1.49,1.71,17.16,"2,176,544","504,574",23.18%,Analyze,
LAAA,Lakeshore Acquisition I Corp.,7/23/2021,"$39,012,087 ",N,0,0.87,0.87,8.69,"4,489,308","23,830",0.53%,Analyze,
TETE,Technology & Telecommunication Acquisition Corporation - Class A,2/1/2001,"$39,293,020 ",N,0,1.01,1.05,10.74,"3,658,568","3,404",0.09%,Analyze,
MAQC,Maquia Capital Acquisition Corporation - Class A,6/7/2021,"$43,792,122 ",N,0,1.01,1.03,10.63,"4,123,552","4,120",0.10%,Analyze,
DHAC,Digital Health Acquisition Corp.,12/30/2021,"$46,212,578 ",N,0,1.03,1.08,11.1,"4,126,123","19,848",0.48%,Analyze,
LHC,Leo Holdings Corp. II Class A,3/1/2021,"$47,269,708 ",N,0,0.99,1.03,10.33,"4,575,964","3,902",0.09%,Analyze,
LAX,8i Acquisition 2 Corp.,9/4/2001,"$47,622,694 ",N,0,0.73,0.54,5.14,"11,073,500","45,982",0.42%,Analyze,
KACL,Kairous Acquisition Corp. Limited,1/20/2022,"$47,686,559 ",N,0,1.02,1.06,10.71,"4,435,959","8,608",0.19%,Analyze,
MAAQ,Mana Capital Acquisition Corp.,1/14/2022,"$48,668,750 ",N,0,0.66,0.61,5.99,"8,125,000","206,709",2.54%,Analyze,
DMAQ,Deep Medicine Acquisition Corp. Class A,12/2/2021,"$48,763,744 ",N,0,1.02,1.04,10.47,"4,613,410",151,0.00%,Analyze,
ALTU,Altitude Acquisition Corp. - Class A,1/29/2021,"$51,005,465 ",N,0,1,0.95,10.07,"5,055,051","8,411",0.17%,Analyze,
MTRY,Monterey Bio Acquisition Corporation,11/22/2021,"$52,272,021 ",N,0,1.01,1.04,10.63,"4,894,384","23,080",0.47%,Analyze,
AQU,Aquaron Acquisition Corp.,10/19/2022,"$55,332,160 ",N,0,1.01,1.02,10.19,"5,417,180","11,445",0.21%,Analyze,
ASCA,A SPAC I Acquisition Corp. - Class A,3/17/2022,"$56,006,109 ",N,0,1,1.03,10.32,"5,421,695","1,560",0.03%,Analyze,
MBTC,Nocturne Acquisition Corporation,5/3/2021,"$57,500,064 ",N,0,1.01,1.04,10.81,"5,324,080","5,809",0.11%,Analyze,
FATP,Fat Projects Acquisition Corp Class A,12/3/2021,"$58,123,479 ",N,0,1.03,1.05,10.49,"5,556,738","34,799",0.63%,Analyze,
PLTN,Plutonian Acquisition Corp.,1/11/2023,"$58,822,500 ",N,0,1,1.01,10.23,"5,750,000","48,863",0.85%,Analyze,
PLTNR,Plutonian Acquisition Corp. Rights,1/11/2023,"$58,822,500 ",N,0,0.9,0.85,0.18,"5,750,000","2,550",0.04%,Analyze,
ROCG,Roth CH Acquisition IV Co.,8/31/2021,"$59,204,800 ",N,0,1,1.02,10.37,"5,714,749",522,0.01%,Analyze,
BHSE,Bull Horn Holdings Corp.,12/17/2020,"$61,141,147 ",N,0,1.25,1.19,11.95,"5,116,414","1,176,367",22.99%,Analyze,
GENQ,Genesis Unicorn Capital Corp. - Class A,4/7/2022,"$61,847,715 ",N,0,1.04,1.04,10.48,"5,867,515",200,0.00%,Analyze,
VENA,Venus Acquisition Corporation,4/13/2021,"$63,343,500 ",N,-19.01,1.08,1.09,10.91,"6,050,000","50,666",0.84%,Analyze,
FHLT,Future Health ESG Corp.,12/8/2021,"$64,531,147 ",N,0,0.97,0.98,9.84,"6,591,537",150,0.00%,Analyze,
ACBA,Ace Global Business Acquisition Limited,5/21/2021,"$65,564,820 ",N,0,1,1.03,10.81,"6,054,000","1,330",0.02%,Analyze,
MARX,Mars Acquisition Corp.,3/13/2023,"$70,104,000 ",N,0,2,2,10.16,"6,900,000","219,457",3.18%,Analyze,
MARXR,Mars Acquisition Corp. Rights,3/13/2023,"$70,104,000 ",N,0,2,2,0.2,"6,900,000","150,800",2.19%,Analyze,
ATMV,AlphaVest Acquisition Corp,1/24/2023,"$70,276,500 ",N,0,1.14,1.14,10.17,"6,900,000","2,894",0.04%,Analyze,
ATMVR,AlphaVest Acquisition Corp Right,1/24/2023,"$70,276,500 ",N,0,0.83,0.83,0.12,"6,900,000","28,449",0.41%,Analyze,
ATMC,AlphaTime Acquisition Corp,1/18/2023,"$70,449,000 ",N,0,1.5,1.5,10.16,"6,900,000","28,533",0.41%,Analyze,
ATMCR,AlphaTime Acquisition Corp Right,1/18/2023,"$70,449,000 ",N,0,1.17,1.17,0.16,"6,900,000","18,880",0.27%,Analyze,
QOMO,Qomolangma Acquisition Corp.,11/25/2022,"$72,382,997 ",N,0,1.01,1.01,10.18,"7,054,873",200,0.00%,Analyze,
QOMOR,Qomolangma Acquisition Corp. Right,11/25/2022,"$72,382,997 ",N,0,1.12,1.24,0.15,"7,054,873","5,200",0.07%,Analyze,
ATA,Americas Technology Acquisition Corp.,1/28/2021,"$75,552,110 ",N,0,1,1.02,10.59,"7,137,658",265,0.00%,Analyze,
LJAQ,LightJump Acquisition Corporation,3/2/2021,"$76,680,241 ",N,0,1.08,1.19,12.1,"6,337,210","311,143",4.91%,Analyze,
HHGC,HHG Capital Corporation,11/11/2021,"$78,134,650 ",N,0,1.01,1.02,10.53,"7,477,000","1,290",0.02%,Analyze,
MCAF,Mountain Crest Acquisition Corp. IV,7/28/2021,"$78,144,550 ",N,0,1.01,1.04,10.34,"7,557,500","1,225",0.02%,Analyze,
ASPA,"Abri SPAC I, Inc.",9/2/2021,"$78,201,739 ",N,0,1.01,1.04,10.48,"7,461,998",503,0.01%,Analyze,
PPHP,PHP Ventures Acquisition Corp. Class A,6/24/2016,"$78,999,052 ",N,0,1.01,1.04,10.59,"7,480,900","3,036",0.04%,Analyze,
GDST,Goldenstone Acquisition Limited,4/14/2022,"$79,001,000 ",N,0,1.01,1.03,10.4,"7,596,250","4,510",0.06%,Analyze,
NOVV,Nova Vision Acquisition Corp.,9/30/2021,"$79,991,520 ",N,0,1.02,1.04,10.64,"7,518,000",417,0.01%,Analyze,
DUET,DUET Acquisition Corp. - Class A,3/14/2022,"$80,767,282 ",N,0,1.01,1.02,10.3,"7,826,287","16,544",0.21%,Analyze,
TLGA,TLG Acquisition One Corp. Class A,3/22/2021,"$81,630,119 ",N,0,1,1.03,10.27,"7,948,405","13,279",0.17%,Analyze,
BWAC,Better World Acquisition Corp.,12/28/2020,"$82,703,617 ",N,0,1,1.03,10.71,"7,700,523",961,0.01%,Analyze,
CLRC,ClimateRock - Class A,6/1/2022,"$82,728,844 ",N,0,1,1.03,10.35,"7,993,125","17,119",0.21%,Analyze,
TRON,Corner Growth Acquisition Corp. 2 - Class A,8/23/2011,"$83,418,449 ",N,0,1.01,1.03,10.53,"7,929,435","3,416",0.04%,Analyze,
CONX,CONX Corp. - Class A,12/21/2020,"$85,208,165 ",N,0,1.01,1.02,10.17,"8,378,384","1,298",0.02%,Analyze,
PNAC,Prime Number Acquisition I Corp. - Class A,7/6/2022,"$87,406,179 ",N,0,1.01,1.03,10.33,"8,461,392","6,393",0.08%,Analyze,
CNTQ,Chardan NexTech Acquisition 2 Corp. Class A,8/24/2021,"$87,581,872 ",N,0,1.14,1.33,14,"6,255,848","94,431",1.51%,Analyze,
IMAQ,International Media Acquisition Corp. Class A,8/16/2021,"$89,374,989 ",N,0,1,1.03,10.45,"8,520,018","3,908",0.05%,Analyze,
HUDA,Hudson Acquisition I Corp.,12/22/2022,"$91,385,196 ",N,0,1.18,1.18,10.15,"8,941,800","3,062",0.03%,Analyze,
HUDAR,Hudson Acquisition I Corp. Right,12/23/2022,"$91,385,196 ",N,0,0.71,0.72,0.15,"8,941,800","16,241",0.18%,Analyze,
BLAC,Bellevue Life Sciences Acquisition Corp.,3/16/2023,"$91,455,500 ",N,0,1.34,1.34,10.1,"9,055,000","48,445",0.54%,Analyze,
BLACR,Bellevue Life Sciences Acquisition Corp. Rights,3/16/2023,"$91,455,500 ",N,0,0,0,0,"9,055,000",0,0.00%,Analyze,
DECA,Denali Capital Acquisition Corp. Class A,2/17/2006,"$91,585,800 ",N,0,1.01,1.03,10.42,"8,760,000","9,529",0.11%,Analyze,
MCAG,Mountain Crest Acquisition Corp. V,12/2/2021,"$92,425,216 ",N,0,1.01,1.03,10.27,"9,025,900",303,0.00%,Analyze,
HMAC,Hainan Manaslu Acquisition Corp.,9/11/2022,"$92,534,280 ",N,0,1.02,1.02,10.31,"8,966,500","10,702",0.12%,Analyze,
ACAX,Alset Capital Acquisition Corp. - Class A,3/24/2022,"$93,626,138 ",N,0,1.01,1.03,10.3,"9,098,750","28,487",0.31%,Analyze,
HSPO,Horizon Space Acquisition I Corp.,1/25/2023,"$94,133,865 ",N,0,1,1.09,10.18,"9,210,750","2,503",0.03%,Analyze,
HSPOR,Horizon Space Acquisition I Corp. Right,1/25/2023,"$94,133,865 ",N,0,0.88,0.97,0.13,"9,210,750","12,865",0.14%,Analyze,
LBBB,Lakeshore Acquisition II Corp.,8/12/2003,"$95,071,600 ",N,0,1,1.03,10.4,"9,141,500","26,337",0.29%,Analyze,
IGNY,Ignyte Acquisition Corp.,3/12/2021,"$95,101,875 ",N,0,1.24,1.3,13.05,"7,287,500","177,660",2.44%,Analyze,
AIB,AIB Acquisition Corporation Class A,12/24/2019,"$95,416,778 ",N,0,1.01,1.03,10.49,"9,095,975","19,172",0.21%,Analyze,
BNIX,Bannix Acquisition Corp.,10/27/2021,"$97,915,360 ",N,0,1,1.03,10.39,"9,424,000","22,901",0.24%,Analyze,
ERES,East Resources Acquisition Company - Class A,9/14/2020,"$99,619,463 ",N,0,1,1.02,10.23,"9,718,972","1,168",0.01%,Analyze,
EMCG,Embrace Change Acquisition Corp,9/30/2013,"$100,762,979 ",N,0,1.01,1.03,10.39,"9,688,748","5,897",0.06%,Analyze,
IFIN,InFinT Acquisition Corporation Class A,1/10/2022,"$101,211,560 ",N,0,1,1.03,10.56,"9,584,428","22,752",0.24%,Analyze,
SGHL,Signal Hill Acquisition Corp. - Class A,3/27/2022,"$103,500,000 ",N,0,1,1.04,10.37,"10,000,000","60,302",0.60%,Analyze,
WTMA,Welsbach Technology Metals Acquisition Corp.,1/21/2022,"$103,720,818 ",N,0,1,1.03,10.4,"10,011,662","13,961",0.14%,Analyze,
AOGO,Arogo Capital Acquisition Corp. - Class A,2/10/2022,"$105,936,996 ",N,0,1.01,1.03,10.33,"10,205,778","92,835",0.91%,Analyze,
FGMC,FG Merger Corp.,4/18/2022,"$105,996,121 ",N,0,1.01,1.03,10.41,"10,157,750","11,283",0.11%,Analyze,
VSAC,Vision Sensing Acquisition Corp. Class A,12/23/2021,"$106,260,000 ",N,-31.46,1.01,1.04,10.5,"10,120,000","13,876",0.14%,Analyze,
FLFV,Feutune Light Acquisition Corporation - Class A,8/8/2022,"$107,472,300 ",N,0,1,1.03,10.33,"10,333,875","6,570",0.06%,Analyze,
GLEE,Gladstone Acquisition Corp. Class A,9/27/2021,"$108,735,673 ",N,0,1,1.01,10.16,"10,702,330","6,745",0.06%,Analyze,
FRLA,Fortune Rise Acquisition Corporation Class A,12/27/2021,"$109,668,429 ",N,0,1.01,1.03,10.52,"10,336,327","1,221",0.01%,Analyze,
MOBV,Mobiv Acquisition Corp - Class A,9/26/2022,"$110,849,324 ",N,0,1.01,1.01,10.27,"10,648,350","871,403",8.18%,Analyze,
OTEC,OceanTech Acquisitions I Corp. Class A,7/19/2021,"$111,071,619 ",N,0,1,1.04,10.65,"10,429,260","1,296",0.01%,Analyze,
VBOC,Viscogliosi Brothers Acquisition Corp,2/28/2022,"$111,478,125 ",N,31.62,1.01,1.03,10.29,"10,781,250","119,660",1.11%,Analyze,
GDNR,Gardiner Healthcare Acquisitions Corp.,1/13/2022,"$112,448,438 ",N,0,1.01,1.04,10.42,"10,781,250","10,895",0.10%,Analyze,
SHUA,SHUAA Partners Acquisition Corp I - Class A,4/22/2022,"$113,865,200 ",N,0,1.01,1.03,10.48,"10,865,000","94,676",0.87%,Analyze,
FXCO,Financial Strategies Acquisition Corp. Class A,1/10/2022,"$114,597,887 ",N,0,1.02,1.04,10.49,"10,903,700",300,0.00%,Analyze,
LION,Lionheart III Corp - Class A,6/6/2019,"$117,625,000 ",N,0,0.74,0.65,6.44,"12,500,000","453,188",3.63%,Analyze,
AFAR,Aura FAT Projects Acquisition Corp - Class A,6/2/2022,"$117,722,016 ",N,0,1.01,1.03,10.48,"11,308,551","35,751",0.32%,Analyze,
INTE,Integral Acquisition Corporation 1 Class A,4/24/2018,"$118,105,000 ",N,0,1,1.03,10.27,"11,500,000","2,537",0.02%,Analyze,
TGVC,TG Venture Acquisition Corp. Class A,11/22/2021,"$119,735,700 ",N,0,1.01,1.03,10.39,"11,557,500","4,225",0.04%,Analyze,
LVAC,LAVA Medtech Acquisition Corp. Class A,12/17/2021,"$120,060,000 ",N,0,1,1.03,10.39,"11,500,000","59,784",0.52%,Analyze,
RFAC,RF Acquisition Corp. - Class A,4/19/2022,"$120,159,000 ",N,0,1,1.02,10.26,"11,700,000","205,239",1.75%,Analyze,
WEL,Integrated Wellness Acquisition Corp,1/18/2022,"$120,750,000 ",N,0,1,1.03,10.5,"11,500,000","68,223",0.59%,Analyze,
CHEA,Chenghe Acquisition Co. Class A Ordinary Share,10/19/2007,"$120,807,500 ",N,0,1.02,1.1,10.47,"11,500,000","10,986",0.10%,Analyze,
LIVB,LIV Capital Acquisition Corp. II Class A,3/8/2022,"$121,208,400 ",N,0,1.01,1.03,10.41,"11,610,000","2,646",0.02%,Analyze,
WINV,WinVest Acquisition Corp.,10/4/2021,"$121,440,000 ",N,0,1.01,1.04,10.55,"11,500,000",944,0.01%,Analyze,
HNRA,HNR Acquisition Corp,2/10/2022,"$121,779,188 ",N,0,1,1.03,10.47,"11,631,250","1,479",0.01%,Analyze,
FEXD,Fintech Ecosystem Development Corp. Class A,1/11/2022,"$121,803,337 ",N,0,1.01,1.04,10.51,"11,557,500","21,109",0.18%,Analyze,
MACA,Moringa Acquisition Corp Class A,4/6/2021,"$122,914,800 ",N,0,1.01,1.03,10.26,"11,980,000","46,574",0.39%,Analyze,
VCKA,Vickers Vantage Corp. I,3/3/2021,"$123,207,199 ",N,-13.38,0.9,0.88,9.01,"13,176,395","117,600",0.89%,Analyze,
NLIT,Northern Lights Acquisition Corp. - Class A,8/18/2021,"$124,010,484 ",N,0,1.01,1.02,10.31,"12,028,175","61,251",0.51%,Analyze,
BWAQ,Blue World Acquisition Corporation Class A,3/15/2022,"$124,550,237 ",N,0,1.01,1.03,10.39,"11,964,480","1,587",0.01%,Analyze,
GMFI,Aetherium Acquisition Corp. Class A,10/10/2017,"$124,855,830 ",N,0,1,1.03,10.36,"12,028,500","136,970",1.14%,Analyze,
EVOJ,Evo Acquisition Corp. Class A,4/1/2021,"$125,255,010 ",N,0,0.99,1.01,10.02,"12,500,500",133,0.00%,Analyze,
EVGR,Evergreen Corporation - Class A,4/1/2022,"$125,498,975 ",N,0,1.03,1.04,10.42,"12,032,500",710,0.01%,Analyze,
KYCH,Keyarch Acquisition Corporation,3/2/2022,"$126,123,500 ",N,0,1,1.03,10.27,"12,245,000","3,533",0.03%,Analyze,
LIBY,Liberty Resources Acquisition Corp. Class A,12/27/2021,"$126,317,888 ",N,0,1.01,1.04,10.49,"12,030,275","96,210",0.80%,Analyze,
ENCP,Energem Corp Class A,1/10/2022,"$126,775,911 ",N,0,1.01,1.04,10.54,"12,028,075","1,300",0.01%,Analyze,
FTII,FutureTech II Acquisition Corp. - Class A,4/8/2022,"$126,811,534 ",N,0,1.01,1.03,10.44,"12,135,075","12,389",0.10%,Analyze,
SAGA,Sagaliam Acquisition Corp. Class A,2/10/2022,"$126,878,400 ",N,0,1,1.04,10.44,"12,015,000","1,374",0.01%,Analyze,
JMAC,Maxpro Capital Acquisition Corp. Class A,11/26/2021,"$128,454,296 ",N,0,0.86,0.87,8.85,"10,840,025","64,836",0.60%,Analyze,
LMAO,LMF Acquisition Opportunities Inc. - Class A,3/18/2021,"$129,100,725 ",N,0,1.4,1.24,12.35,"10,453,500","560,236",5.36%,Analyze,
GSQB,G Squared Ascend II Inc. Class A,8/5/2021,"$129,169,669 ",N,0,1,1.03,10.34,"12,492,231","135,393",1.08%,Analyze,
IGTA,Inception Growth Acquisition Limited,1/21/2022,"$129,675,780 ",N,0,1,1.02,10.2,"12,725,788","468,621",3.68%,Analyze,
NUBI,Nubia Brand International Corp. - Class A,5/1/2022,"$130,847,015 ",N,0,1.01,1.02,10.48,"12,473,500","7,436",0.06%,Analyze,
CCTS,Cactus Acquisition Corp. 1 Limited - Class A,12/30/2021,"$132,066,000 ",N,0,1,1.03,10.43,"12,650,000","217,899",1.72%,Analyze,
FRBN,Forbion European Acquisition Corp. Class A,1/31/2022,"$132,572,000 ",N,0,1.01,1.03,10.46,"12,650,000","18,141",0.14%,Analyze,
AVHI,Achari Ventures Holdings Corp. I,11/17/2021,"$133,750,000 ",N,0,1.03,1.06,10.7,"12,500,000",100,0.00%,Analyze,
PONO,Pono Capital Corp Class A,10/8/2021,"$135,381,009 ",N,0,1.41,1.53,15.75,"12,251,675","120,427",0.98%,Analyze,
LATG,LatAmGrowth SPAC Class A,3/16/2022,"$135,720,000 ",N,0,1.01,1.03,10.46,"13,000,000","125,716",0.97%,Analyze,
EUCR,Eucrates Biomedical Acquisition Corp.,12/28/2020,"$136,610,109 ",N,0,1.01,1.01,10.07,"13,459,124",110,0.00%,Analyze,
MEOA,Minority Equality Opportunities Acquisition Inc. Class A,10/17/2021,"$137,687,344 ",N,0,1.02,1.05,10.79,"12,808,125","2,505",0.02%,Analyze,
IBER,Ibere Pharmaceuticals Class A,4/19/2021,"$140,760,000 ",N,0,1,1.02,10.21,"13,800,000",548,0.00%,Analyze,
FLAC,Frazier Lifesciences Acquisition Corporation Class A,2/8/2021,"$141,150,870 ",N,0,1,0.99,9.87,"14,301,000","13,488",0.09%,Analyze,
REVE,Alpine Acquisition Corporation,10/21/2021,"$142,004,000 ",N,0,0.99,1.02,10.49,"13,550,000","158,518",1.17%,Analyze,
EBAC,European Biotech Acquisition Corp. - Class A,5/11/2021,"$142,006,210 ",N,0,1.1,1.13,11.19,"13,209,880","48,657",0.37%,Analyze,
PRBM,Parabellum Acquisition Corp. Class A,10/26/2021,"$144,612,500 ",N,0,1.02,1.01,10.1,"14,375,000","9,200",0.06%,Analyze,
MURF,Murphy Canyon Acquisition Corp. - Class A,3/28/2022,"$145,521,390 ",N,0,1,1.02,10.37,"13,979,000",517,0.00%,Analyze,
ROSE,Rose Hill Acquisition Corporation Class A,12/6/2021,"$146,058,471 ",N,0,0.99,0.76,10.36,"14,098,308","1,165",0.01%,Analyze,
JAQC,Jupiter Acquisition Corporation,10/1/2021,"$146,728,752 ",N,0,1.01,1.04,10.14,"14,570,879","11,799",0.08%,Analyze,
AXH,"Industrial Human Capital, Inc.",5/26/2005,"$146,912,500 ",N,0,1,1.01,10.22,"14,375,000",400,0.00%,Analyze,
AMCI,AMCI Acquisition Corp. II Class A,2/22/2021,"$148,650,000 ",N,0,0.99,1.01,9.97,"15,000,000","30,627",0.20%,Analyze,
PTIC,PropTech Investment Corporation II Class A,1/25/2021,"$149,040,000 ",N,0,1.07,1.08,10.75,"23,000,000","36,317",0.16%,Analyze,
GIAC,Gesher I Acquisition Corp. Class A,11/9/2021,"$149,103,708 ",N,0,1,1.02,10.23,"14,575,000","34,100",0.23%,Analyze,
GLTA,Galata Acquisition Corp. Class A,8/11/2021,"$149,212,500 ",N,0,1,1.03,10.38,"14,375,000","2,872",0.02%,Analyze,
HSAQ,Health Sciences Acquisitions Corporation 2,8/4/2020,"$149,233,277 ",N,0,1.02,1.02,10.2,"11,212,117","15,234",0.14%,Analyze,
WAVS,Western Acquisition Ventures Corp.,4/10/2022,"$150,460,200 ",N,116.93,0.99,1.01,10.2,"14,751,000","2,205",0.01%,Analyze,
YOTA,Yotta Acquisition Corporation,6/26/2022,"$151,158,985 ",N,0,1.01,1.03,10.27,"14,718,499","11,455",0.08%,Analyze,
YOTAR,Yotta Acquisition Corporation Right,6/26/2022,"$151,158,985 ",N,0,0.88,1.33,0.15,"14,718,499","30,393",0.21%,Analyze,
APMI,AxonPrime Infrastructure Acquisition Corporation Class A,10/4/2021,"$151,500,000 ",N,0,1,1.03,10.1,"15,000,000","20,890",0.14%,Analyze,
BTWN,Bridgetown Holdings Limited - Class A,12/7/2020,"$151,911,387 ",N,0,1,1.01,10.04,"15,093,034","23,011",0.15%,Analyze,
ROCL,Roth CH Acquisition V Co.,1/5/2022,"$152,815,950 ",N,0,1.01,1.03,10.29,"14,836,500","46,368",0.31%,Analyze,
MITA,Coliseum Acquisition Corp. Class A Ordinary Share,1/3/2000,"$153,150,000 ",N,0,1,1.03,10.21,"15,000,000","58,806",0.39%,Analyze,
RWOD,Redwoods Acquisition Corp.,4/28/2022,"$153,670,550 ",N,0,1.01,1.03,10.31,"14,905,000","60,663",0.41%,Analyze,
ALSA,Alpha Star Acquisition Corporation,7/10/2012,"$153,726,495 ",N,0,1,1.04,10.47,"14,675,000","45,766",0.31%,Analyze,
MSSA,Metal Sky Star Acquisition Corporation,5/30/2022,"$153,814,300 ",N,0,1.01,1.04,10.46,"14,705,000","4,374",0.03%,Analyze,
OCAX,OCA Acquisition Corp. - Class A,3/8/2021,"$154,433,500 ",N,0,1,1.02,10.31,"14,950,000","10,554",0.07%,Analyze,
CCAI,Cascadia Acquisition Corp. Class A,10/18/2021,"$155,250,000 ",N,0,0.98,1.04,10.38,"15,000,000","116,776",0.78%,Analyze,
JWAC,Jupiter Wellness Acquisition Corp. Class A,1/7/2022,"$155,431,850 ",N,0,1.01,1.04,10.53,"14,705,000","22,763",0.15%,Analyze,
PIAI,Prime Impact Acquisition I Class A,11/2/2020,"$155,442,588 ",N,0,1,1.03,10.44,"14,896,271","7,443",0.05%,Analyze,
BLNG,Belong Acquisition Corp. Class A,9/13/2021,"$155,500,000 ",N,0,1,1.01,10.02,"15,550,000","1,504",0.01%,Analyze,
GLLI,Globalink Investment Inc.,12/23/2021,"$155,726,900 ",N,0,1,1.03,10.36,"14,945,000","26,751",0.18%,Analyze,
SMAP,SportsMap Tech Acquisition Corp.,10/16/2014,"$156,068,500 ",N,0,1,1.03,10.36,"15,050,000",990,0.01%,Analyze,
BMAQ,Blockchain Moon Acquisition Corp.,11/4/2021,"$156,197,192 ",N,0,1.02,1.07,10.72,"14,805,000","6,337",0.04%,Analyze,
ATAQ,Altimar Acquisition Corp. III Class A,4/26/2021,"$156,648,803 ",N,0,1,1.01,10.09,"15,525,000","145,105",0.93%,Analyze,
ARYE,ARYA Sciences Acquisition Corp V - Class A,7/13/2021,"$157,579,800 ",N,0,1,1.03,10.17,"15,449,000","2,323",0.02%,Analyze,
ABGI,ABG Acquisition Corp. I - Class A,2/17/2021,"$158,464,934 ",N,0,1,1.03,10.19,"15,566,300","2,115",0.01%,Analyze,
ARYD,ARYA Sciences Acquisition Corp IV - Class A,2/26/2021,"$159,124,700 ",N,0,1.01,1.03,10.3,"15,449,000","11,981",0.08%,Analyze,
DKDCA,Data Knights Acquisition Corp. - Class A,6/23/2021,"$159,326,929 ",N,0,1.02,1.03,10.67,"14,960,275","2,713",0.02%,Analyze,
BNNR,Banner Acquisition Corp. Class A,10/29/2021,"$160,611,000 ",N,0,1,1.02,10.21,"15,700,000","61,071",0.39%,Analyze,
ALPA,Alpha Healthcare Acquisition Corp. III Class A,12/6/2002,"$160,988,808 ",N,0,1,1.03,10.1,"15,907,985",817,0.01%,Analyze,
CLOE,Clover Leaf Capital Corp. - Class A,9/9/2021,"$162,707,450 ",N,0,1.02,1.06,11.03,"14,645,135","1,872",0.01%,Analyze,
RCAC,Revelstone Capital Acquisition Corp. Class A,2/7/2022,"$168,630,000 ",N,0,1,1.03,10.22,"16,500,000","22,335",0.14%,Analyze,
SCMA,Seaport Calibre Materials Acquisition Corp. Class A,12/20/2021,"$168,837,500 ",N,0,1.01,1.03,10.39,"16,250,000","15,293",0.09%,Analyze,
TWCB,Bilander Acquisition Corp. - Class A,9/8/2021,"$169,190,044 ",N,0,1,1.03,10.04,"16,851,598","125,096",0.74%,Analyze,
SAMA,Schultze Special Purpose Acquisition Corp. II Class A,12/28/2020,"$169,455,000 ",N,0,1.01,1.03,10.28,"16,500,000","5,224",0.03%,Analyze,
BSAQ,Black Spade Acquisition Co Class A,9/7/2021,"$172,380,000 ",N,0,1,1.03,10.21,"16,900,000","54,332",0.32%,Analyze,
PEPL,PepperLime Health Acquisition Corporation Class A Ordinary Share,7/14/2003,"$173,060,000 ",N,0,1,1.02,10.18,"17,000,000","8,230",0.05%,Analyze,
NBST,Newbury Street Acquisition Corporation,4/16/2021,"$173,116,102 ",N,0,1.01,1.04,10.25,"16,661,800","194,003",1.16%,Analyze,
CLBR,Colombier Acquisition Corp. Class A,7/7/2021,"$174,742,500 ",N,0,1,1.03,10.13,"17,250,000","405,953",2.35%,Analyze,
TCOA,Trajectory Alpha Acquisition Corp. Class A,1/31/2022,"$176,640,000 ",N,0,1,1.03,10.24,"17,250,000","59,401",0.34%,Analyze,
AFAC,Arena Fortify Acquisition Corp. Class A,12/31/2021,"$177,157,500 ",N,0,1,1.02,10.26,"17,250,000","30,990",0.18%,Analyze,
APN,Apeiron Capital Investment Corp. Class A,12/30/2021,"$178,882,500 ",N,0,1,1.02,10.37,"17,250,000",118,0.00%,Analyze,
ITAQ,"Industrial Tech Acquisitions II, Inc. Class A",3/3/2022,"$179,055,000 ",N,0,1,1.03,10.37,"17,250,000","16,468",0.10%,Analyze,
MEAC,Mercury Ecommerce Acquisition Corp Class A,9/16/2021,"$179,873,755 ",N,0,1.01,1.01,10.1,"18,041,500","2,740",0.02%,Analyze,
MNTN,Everest Consolidator Acquisition Corporation,1/14/2022,"$180,176,250 ",N,0,1,1.03,10.45,"17,250,000","124,731",0.72%,Analyze,
FNVT,Finnovate Acquisition Corp. Class A,12/8/2021,"$181,134,000 ",N,0,1.01,1.03,10.4,"17,400,000","1,871",0.01%,Analyze,
BRIV,B. Riley Principal 250 Merger Corp. Class A,6/28/2021,"$181,177,500 ",N,0,1,1.03,10.13,"17,850,000","16,711",0.09%,Analyze,
APCA,AP Acquisition Corp Class A,4/24/2018,"$181,470,000 ",N,0,1,1.03,10.52,"17,250,000","52,831",0.31%,Analyze,
APXI,APx Acquisition Corp. I Class A Ordinary Share,1/26/2022,"$181,470,000 ",N,0,1,1.03,10.49,"17,250,000","2,605",0.02%,Analyze,
PANA,Panacea Acquisition Corp. II Class A,8/24/2020,"$181,509,000 ",N,0,1,1.03,10.18,"17,795,000","101,883",0.57%,Analyze,
LSPR,Larkspur Health Acquisition Corp. Class A,2/9/2022,"$181,967,198 ",N,0,1.15,1.17,11.79,"8,087,431",335,0.00%,Analyze,
SEPA,SEP Acquisition Corp - Class A,9/17/2021,"$182,607,042 ",N,0,1.03,1.04,10.36,"18,041,500","6,099",0.03%,Analyze,
OXUS,Oxus Acquisition Corp. Class A,10/6/2021,"$183,573,000 ",N,0,1,1.03,10.45,"17,550,000","4,930",0.03%,Analyze,
RACY,Relativity Acquisition Corp. - Class A,4/4/2022,"$184,553,050 ",N,0,0.96,1.17,12.28,"15,028,750","46,424",0.31%,Analyze,
SGII,Seaport Global Acquisition II Corp. Class A,11/30/2021,"$184,718,750 ",N,0,1,1.01,10.22,"17,968,750","77,735",0.43%,Analyze,
JATT,JATT Acquisition Corp Class A,9/2/2021,"$185,437,500 ",N,0,1.04,1.06,10.75,"17,250,000","62,363",0.36%,Analyze,
ALOR,ALSP Orchid Acquisition Corporation I Class A Ordinary Share,1/10/2022,"$187,826,100 ",N,0,1,1.02,10.33,"18,165,000","29,431",0.16%,Analyze,
BYNO,byNordic Acquisition Corporation - Class A,4/1/2022,"$188,630,300 ",N,0,1,1.02,10.31,"18,190,000",575,0.00%,Analyze,
CFFS,CF Acquisition Corp. VII Class A,2/9/2022,"$193,171,000 ",N,0,1.01,1.03,10.31,"18,700,000","45,470",0.24%,Analyze,
CSLM,"Consilium Acquisition Corp I, Ltd. Class A Ordinary Share",3/7/2022,"$195,916,875 ",N,0,1.01,1.03,10.32,"18,975,000","182,801",0.96%,Analyze,
TPBA,TPB Acquisition Corporation I Class A,10/1/2021,"$196,595,659 ",N,0,1.07,1.08,10.75,"18,036,299","51,178",0.28%,Analyze,
PBAX,Phoenix Biotech Acquisition Corp.,11/26/2021,"$196,903,350 ",N,0,1.02,1.05,10.7,"18,385,000","4,685",0.03%,Analyze,
BOCN,Blue Ocean Acquisition Corp - Class A,1/24/2022,"$197,719,500 ",N,0,1,1.03,10.41,"18,975,000","146,638",0.77%,Analyze,
NHIC,NewHold Investment Corp. II Class A,12/13/2021,"$197,920,950 ",N,0,1,1.02,10.16,"19,490,000","48,204",0.25%,Analyze,
HMA,Heartland Media Acquisition Corp. Class A,3/13/2022,"$200,360,552 ",N,70.21,1,1.03,10.41,"19,246,931","127,165",0.66%,Analyze,
FVT,Fortress Value Acquisition Corp. III Class A,2/25/2021,"$201,000,000 ",N,0,1,1.01,10.05,"20,000,000","61,600",0.31%,Analyze,
CAS,Cascade Acquisition Corp. Class A,1/15/2021,"$201,800,000 ",N,0,1,1,10.09,"20,000,000","200,519",1.00%,Analyze,
TACA,Trepont Acquisition Corp I Class A,1/22/2021,"$202,000,000 ",N,0,1,1,10.1,"20,000,000","3,545",0.02%,Analyze,
LOCC,Live Oak Crestview Climate Acquisition Corp.,11/15/2021,"$202,002,000 ",N,0,1,1.03,10.1,"20,000,000","87,730",0.44%,Analyze,
BGSX,Build Acquisition Corp. Class A,5/6/2021,"$203,600,000 ",N,0,1,1.03,10.19,"20,000,000","126,914",0.63%,Analyze,
FST,FAST Acquisition Corp. Class A,10/12/2020,"$203,600,000 ",N,0,1,1,10.18,"20,000,000","1,756,123",8.78%,Analyze,
FICV,Frontier Investment Corp Class A,8/23/2021,"$204,200,000 ",N,0,1,1.04,10.21,"20,000,000","11,699",0.06%,Analyze,
HPLT,Home Plate Acquisition Corporation Class A,11/22/2021,"$204,400,000 ",N,0,1.01,1.03,10.22,"20,000,000","56,593",0.28%,Analyze,
ORIA,Orion Biotech Opportunities Corp. - Class A,7/2/2021,"$204,700,000 ",N,0,1,1.03,10.22,"20,000,000","167,536",0.84%,Analyze,
SEDA,SDCL EDGE Acquisition Corporation Class A,12/20/2021,"$205,351,176 ",N,0,1,1.03,10.25,"19,995,246",883,0.00%,Analyze,
ARTE,Artemis Strategic Investment Corporation Class A,11/22/2021,"$207,891,250 ",N,0,1,1.03,10.33,"20,125,000","8,886",0.04%,Analyze,
SHAP,Spree Acquisition Corp. 1 Limited,2/7/2022,"$208,200,000 ",N,0,1,1.03,10.45,"20,000,000","210,949",1.05%,Analyze,
CRZN,Corazon Capital V838 Monoceros Corp Class A,5/14/2021,"$208,445,617 ",N,0,1.01,1.03,10.2,"20,379,900","88,905",0.44%,Analyze,
PRLH,Pearl Holdings Acquisition Corp Class A,2/3/2022,"$208,800,000 ",N,0,1,1.03,10.41,"20,000,000","212,959",1.06%,Analyze,
GTAC,Global Technology Acquisition Corp. I - Class A,12/17/2021,"$209,000,000 ",N,0,1,1.03,10.43,"20,000,000","20,613",0.10%,Analyze,
MLAI,McLaren Technology Acquisition Corp. Class A,12/23/2021,"$209,098,750 ",N,0,1.01,1.03,10.39,"20,125,000","24,283",0.12%,Analyze,
GHAC,Gaming & Hospitality Acquisition Corp. - Class A,3/26/2021,"$209,125,538 ",N,0,1,1.02,10.06,"20,777,500","216,219",1.04%,Analyze,
DALS,DA32 Life Science Tech Acquisition Corp.,7/28/2021,"$209,184,500 ",N,0,1.01,1.03,10.12,"20,650,000","152,435",0.74%,Analyze,
ATAK,Aurora Technology Acquisition Corp. Class A,3/20/2022,"$209,272,000 ",N,0,1,1.03,10.35,"20,200,000","11,088",0.05%,Analyze,
VHNA,Vahanna Tech Edge Acquisition I Corp. Class A,1/13/2022,"$209,504,700 ",N,-34.64,1,1.03,10.41,"20,010,000","13,636",0.07%,Analyze,
APAC,StoneBridge Acquisition Corporation Class A,9/7/2021,"$209,600,000 ",N,0,1,1.03,10.48,"20,000,000","2,833",0.01%,Analyze,
WQGA,World Quantum Growth Acquisition Corp. Class A,10/1/2021,"$209,660,600 ",N,0,1,1.02,10.28,"20,395,000","20,721",0.10%,Analyze,
CREC,Crescera Capital Acquisition Corp Class A,1/10/2022,"$209,903,750 ",N,0,1.01,1.03,10.43,"20,125,000","42,443",0.21%,Analyze,
GEEX,Games & Esports Experience Acquisition Corp. - Class A,1/24/2022,"$210,000,000 ",N,0,1,1.03,10.49,"20,000,000","8,380",0.04%,Analyze,
GVCI,Green Visor Financial Technology Acquisition Corp. I Class A,12/30/2021,"$210,505,200 ",N,0,1.01,1.03,10.53,"20,010,000","111,392",0.56%,Analyze,
PHYT,Pyrophyte Acquisition Corp. Class A,12/17/2021,"$211,111,250 ",N,0,1,1.03,10.49,"20,125,000","110,728",0.55%,Analyze,
ASCB,A SPAC II Acquisition Corp.,5/30/2022,"$211,120,000 ",N,0,1,1.04,10.4,"20,300,000","310,275",1.53%,Analyze,
CDAQ,Compass Digital Acquisition Corp. Class A,12/6/2021,"$216,440,573 ",N,0,1.02,1.05,10.32,"21,240,488","3,665",0.02%,Analyze,
AVAC,Avalon Acquisition Inc. - Class A,12/3/2021,"$216,894,600 ",N,0,1,1.03,10.4,"20,855,250","210,906",1.01%,Analyze,
CENQ,CENAQ Energy Corp. Class A,10/4/2021,"$217,852,673 ",N,0,1.05,1.06,10.72,"20,927,250","54,761",0.26%,Analyze,
GFOR,Graf Acquisition Corp. IV,7/12/2021,"$217,951,050 ",N,0,1,1.03,10.16,"21,451,875","29,347",0.14%,Analyze,
TRCA,Twin Ridge Capital Acquisition Corp. Class A,4/26/2021,"$217,989,157 ",N,0,1,1.02,10.23,"21,308,813","78,709",0.37%,Analyze,
WAVC,Waverley Capital Acquisition Corp. 1 Class A,10/11/2021,"$218,738,057 ",N,-37.91,1,1.03,10.18,"21,487,039","358,212",1.67%,Analyze,
NGC,Northern Genesis Acquisition Corp. III,5/14/2021,"$218,795,938 ",N,0,1,1.02,10.15,"21,556,250","36,513",0.17%,Analyze,
TWOA,two Class A,3/30/2021,"$218,876,875 ",N,0,1,1.03,10.22,"21,437,500","159,783",0.75%,Analyze,
PIPP,Pine Island Acquisition Corp. Class A,1/7/2021,"$219,042,663 ",N,0,1,1.01,10.03,"21,838,750","290,948",1.33%,Analyze,
EQHA,EQ Health Acquisition Corp. Class A,3/22/2021,"$221,319,598 ",N,0,1,1.02,10.06,"21,999,960","7,149",0.03%,Analyze,
XPAX,XPAC Acquisition Corp. Class A,9/20/2021,"$223,344,702 ",N,-17.68,1,1.03,10.17,"21,961,131","391,110",1.78%,Analyze,
TGAA,Target Global Acquisition I Corp. Class A Ordinary Share,1/31/2022,"$224,244,581 ",N,0,1,1.03,10.42,"21,489,658","80,016",0.37%,Analyze,
HAIA,Healthcare AI Acquisition Corp. Class A,1/31/2022,"$224,464,594 ",N,0,1,1.03,10.41,"21,562,401","399,841",1.85%,Analyze,
PGRW,Progress Acquisition Corp. Class A,3/15/2021,"$224,507,250 ",N,0,1,1.03,10.33,"21,712,500",641,0.00%,Analyze,
GBBK,Global Blockchain Acquisition Corp.,6/16/2022,"$225,848,250 ",N,0,1.01,1.04,10.26,"22,012,500","58,830",0.27%,Analyze,
GBBKR,Global Blockchain Acquisition Corp. Right,6/15/2022,"$225,848,250 ",N,0,1.03,1.1,0.08,"22,012,500",301,0.00%,Analyze,
GAQ,Generation Asia I Acquisition Limited Class A,1/19/2022,"$226,098,300 ",N,0,1,1.03,10.34,"21,930,000","97,362",0.44%,Analyze,
SKYA,Skydeck Acquisition Corp. Class A,7/9/2021,"$226,203,642 ",N,0,1,1.03,10.19,"22,165,962","333,272",1.50%,Analyze,
SZZL,Sizzle Acquisition Corp.,1/31/2022,"$226,631,946 ",N,0,1,1.02,10.39,"21,770,600","9,376",0.04%,Analyze,
FZT,FAST Acquisition Corp. II Class A,5/6/2021,"$226,783,607 ",N,0,1,1.03,10.2,"22,233,687","10,826",0.05%,Analyze,
HCII,Hudson Executive Investment Corp. II Class A,3/18/2021,"$226,800,000 ",N,0,1,1.02,10.08,"22,500,000","25,812",0.11%,Analyze,
BWC,Blue Whale Acquisition Corp I Class A,9/24/2021,"$227,802,253 ",N,0,1.01,1.02,9.98,"22,940,811","21,393",0.09%,Analyze,
EGGF,EG Acquisition Corp. Class A,7/16/2021,"$227,925,000 ",N,0,1,1.03,10.13,"22,500,000","53,412",0.24%,Analyze,
CLAS,Class Acceleration Corp. Class A,3/8/2021,"$228,825,000 ",N,0,1.01,1.03,10.17,"22,500,000","72,515",0.32%,Analyze,
OSI,Osiris Acquisition Corp. Class A,7/6/2021,"$228,850,000 ",N,0,1,1.01,9.95,"23,000,000","8,460",0.04%,Analyze,
RJAC,Jackson Acquisition Company Class A,1/31/2022,"$228,952,500 ",N,0,1,1.03,10.29,"22,250,000","7,961",0.04%,Analyze,
GNAC,Group Nine Acquisition Corp. - Class A,3/8/2021,"$229,310,000 ",N,0,0.99,1.01,9.97,"23,000,000","18,357",0.08%,Analyze,
IPVA,InterPrivate II Acquisition Corp. Class A,4/25/2021,"$229,851,125 ",N,0,0.93,0.9,8.8,"26,075,000","8,671",0.03%,Analyze,
ARBG,Aequi Acquisition Corp.,1/11/2021,"$230,000,000 ",N,0,1,0.99,9.89,"23,000,000",101,0.00%,Analyze,
SWSS,Springwater Special Situations Corp.,9/23/2021,"$230,438,850 ",N,0,1,1.02,10.25,"22,481,839","4,214",0.02%,Analyze,
VMCA,Valuence Merger Corp. I - Class A,4/22/2022,"$231,324,711 ",N,0,1,1.03,10.53,"22,009,963","127,685",0.58%,Analyze,
LHAA,Lerer Hippeau Acquisition Corp. - Class A,3/5/2021,"$231,351,211 ",N,0,1,1.02,10.08,"22,951,509",598,0.00%,Analyze,
IVCP,Swiftmerge Acquisition Corp. Class A Ordinary Share,2/3/2022,"$231,975,000 ",N,0,1,1.03,10.31,"22,500,000","11,544",0.05%,Analyze,
TMAC,The Music Acquisition Corporation Class A,3/26/2021,"$232,300,000 ",N,0,1,1.02,10.1,"23,000,000","1,151",0.01%,Analyze,
HWKZ,Hawks Acquisition Corp,11/29/2021,"$233,910,000 ",N,0,1,1.03,10.17,"23,000,000","228,706",0.99%,Analyze,
HTAQ,Hunt Companies Acquisition Corp. I,12/30/2021,"$234,370,000 ",N,0,1,1.01,10.19,"23,000,000","149,180",0.65%,Analyze,
PGSS,Pegasus Digital Mobility Acquisition Corp. Class A,12/13/2021,"$234,450,000 ",N,0,1,1.03,10.42,"22,500,000","93,433",0.42%,Analyze,
KAII,Kismet Acquisition Two Corp. Class A,4/12/2021,"$234,600,000 ",N,0,1,1.03,10.2,"23,000,000",364,0.00%,Analyze,
LDHA,LDH Growth Corp I - Class A,5/10/2021,"$234,830,000 ",N,0,1,1.03,10.2,"23,000,000","22,096",0.10%,Analyze,
QDRO,Quadro Acquisition One Corp. - Class A,2/27/2023,"$235,060,000 ",N,0,1,1,10.23,"23,000,000","5,281",0.02%,Analyze,
VLAT,Valor Latitude Acquisition Corp. Class A,6/23/2021,"$235,060,000 ",N,-15.56,1,1.03,10.22,"23,000,000","58,710",0.26%,Analyze,
LCW,Learn CW Investment Corporation Class A,12/16/2013,"$235,750,000 ",N,0,1,1.02,10.25,"23,000,000","6,287",0.03%,Analyze,
BHAC,Crixus BH3 Acquisition Company Class A,1/21/2020,"$236,440,000 ",N,0,1.01,1.03,10.28,"23,000,000","70,868",0.31%,Analyze,
IXAQ,IX Acquisition Corp. Class A Ordinary Share,11/29/2021,"$236,440,000 ",N,0,1,1.03,10.27,"23,000,000","452,453",1.97%,Analyze,
WWAC,Worldwide Webb Acquisition Corp. Class A Ordinary Share,12/10/2021,"$237,130,000 ",N,0,1,1.03,10.32,"23,000,000","339,000",1.47%,Analyze,
AXAC,AXIOS Sustainable Growth Acquisition Corporation Class A,2/15/2022,"$237,247,875 ",N,0,1,1.02,10.35,"22,922,500","95,730",0.42%,Analyze,
AXAC^,AXIOS Sustainable Growth Acquisition Corporation Rights to receive one-tenth (1/10) of one Class A,3/25/2022,"$237,247,875 ",N,0,1.01,1.29,0.18,"22,922,500","64,450",0.28%,Analyze,
TRIS,Tristar Acquisition I Corp. Class A,12/6/2021,"$237,590,000 ",N,0,1,1.03,10.33,"23,000,000","365,549",1.59%,Analyze,
VMGA,VMG Consumer Acquisition Corp. Class A,1/3/2022,"$237,590,000 ",N,-35.94,1,1.03,10.32,"23,000,000","254,146",1.11%,Analyze,
PORT,Southport Acquisition Corporation Class A,1/31/2022,"$237,820,000 ",N,0,1,1.03,10.38,"23,000,000","76,561",0.33%,Analyze,
VII,7GC & Co. Holdings Inc. - Class A,2/12/2021,"$238,050,000 ",N,-11.47,1.01,1.03,10.33,"23,000,000","1,557",0.01%,Analyze,
SVII,Spring Valley Acquisition Corp. II - Class A,10/28/2022,"$238,050,000 ",N,0,1.01,1.02,10.34,"23,000,000","188,425",0.82%,Analyze,
BRD,Beard Energy Transition Acquisition Corp. Class A,1/14/2022,"$238,062,938 ",N,0,1,1.03,10.35,"23,001,250","33,870",0.15%,Analyze,
AEAE,AltEnergy Acquisition Corp. Class A,12/13/2021,"$238,280,000 ",N,0,1,1.03,10.35,"23,000,000","28,213",0.12%,Analyze,
FIAC,Focus Impact Acquisition Corp. Class A,12/20/2021,"$238,510,000 ",N,0,1,1.03,10.36,"23,000,000","253,769",1.10%,Analyze,
JGGC,Jaguar Global Growth Corporation I - Class A,4/4/2022,"$238,740,000 ",N,0,1,1.03,10.38,"23,000,000","15,281",0.07%,Analyze,
CMCA,Capitalworks Emerging Markets Acquisition Corp Class A,1/21/2022,"$238,970,000 ",N,0,1,1.03,10.41,"23,000,000","45,805",0.20%,Analyze,
XFIN,ExcelFin Acquisition Corp Class A,12/13/2021,"$238,970,000 ",N,-31.09,1,1.03,10.37,"23,000,000","26,809",0.12%,Analyze,
USCT,TKB Critical Technologies 1 Class A,12/17/2021,"$238,970,000 ",N,0,1,1.02,10.39,"23,000,000","2,145",0.01%,Analyze,
UTAA,UTA Acquisition Corporation - Class A,1/24/2022,"$239,425,400 ",N,0,1,1.03,10.39,"23,000,000","31,364",0.14%,Analyze,
FLYA,SOAR Technology Acquisition Corp. Class A,11/8/2021,"$239,430,000 ",N,0,1,1.02,10.42,"23,000,000","1,936,201",8.42%,Analyze,
SVNA,7 Acquisition Corporation - Class A,12/23/2021,"$239,890,000 ",N,0,1,1.03,10.43,"23,000,000","119,743",0.52%,Analyze,
ADAL,Anthemis Digital Acquisitions I Corp Class A,12/27/2021,"$239,890,000 ",N,0,1,1.03,10.42,"23,000,000","263,595",1.15%,Analyze,
CBRG,Chain Bridge I Class A,1/11/2019,"$239,890,000 ",N,0,1,1.03,10.41,"23,000,000","3,562",0.02%,Analyze,
RCFA,RCF Acquisition Corp.,12/31/2021,"$239,890,000 ",N,0,1,1.02,10.43,"23,000,000","243,087",1.06%,Analyze,
SCUA,Sculptor Acquisition Corp I Class A,1/31/2022,"$239,890,000 ",N,0,1,1.03,10.43,"23,000,000","121,462",0.53%,Analyze,
DPCS,DP Cap Acquisition Corp I - Class A,12/30/2021,"$240,005,000 ",N,0,1.01,1.03,10.4,"23,000,000","83,604",0.36%,Analyze,
MPRA,Mercato Partners Acquisition Corporation Class A,12/27/2021,"$240,345,400 ",N,0,1,1.03,10.39,"23,000,000","10,414",0.05%,Analyze,
BPAC,Bullpen Parlay Acquisition Company Class A Ordinary Share,1/24/2022,"$240,350,000 ",N,0,1.01,1.03,10.45,"23,000,000","20,554",0.09%,Analyze,
SBII,Sandbridge X2 Corp. Class A,4/30/2021,"$240,558,780 ",N,0,1.01,1.03,10.15,"23,817,701","2,060",0.01%,Analyze,
KNSW,KnightSwan Acquisition Corporation,1/20/2022,"$240,580,000 ",N,0,1,1.03,10.41,"23,000,000","130,539",0.57%,Analyze,
TLGY,TLGY Acquisition Corporation Class A Ordinary Share,1/21/2022,"$240,580,000 ",N,0,1,1.03,10.47,"23,000,000","2,966",0.01%,Analyze,
DSAQ,Direct Selling Acquisition Corp.,11/12/2021,"$240,810,000 ",N,0,1,1.02,10.47,"23,000,000","412,909",1.80%,Analyze,
WNNR,Andretti Acquisition Corp.,3/7/2022,"$241,730,000 ",N,0,1,1.03,10.51,"23,000,000","141,816",0.62%,Analyze,
TOAC,Talon 1 Acquisition Corp. - Class A,12/30/2021,"$241,730,000 ",N,0,1.01,1.03,10.54,"23,000,000","210,924",0.92%,Analyze,
CITE,Cartica Acquisition Corp Class A,2/24/2022,"$241,960,000 ",N,0,1.01,1.03,10.53,"23,000,000","52,238",0.23%,Analyze,
TGR,Kimbell Tiger Acquisition Corporation Class A,3/28/2022,"$241,986,300 ",N,0,1,1.03,10.52,"23,002,500","128,913",0.56%,Analyze,
PLAO,Patria Latin American Opportunity Acquisition Corp. - Class A,5/4/2022,"$242,190,000 ",N,0,1,1.02,10.53,"23,000,000","3,732",0.02%,Analyze,
CLIM,Climate Real Impact Solutions II Acquisition Corporation Class A,3/19/2021,"$242,224,500 ",N,0,1,1.01,10.03,"24,150,000","16,725",0.07%,Analyze,
SVFB,SVF Investment Corp. 2 - Class A,3/9/2021,"$243,055,296 ",N,0,1,1.02,10.2,"23,760,000","116,042",0.49%,Analyze,
PCCT,Perception Capital Corp. II Class A,12/20/2021,"$243,110,000 ",N,0,1,1.03,10.45,"23,000,000","1,853",0.01%,Analyze,
IRRX,Integrated Rail and Resources Acquisition Corp.,1/3/2022,"$243,340,000 ",N,0,1.01,1.04,10.58,"23,000,000","48,514",0.21%,Analyze,
CLIN,Clean Earth Acquisitions Corp. - Class A,4/18/2022,"$244,872,500 ",N,0,1.01,1.03,10.26,"23,890,000","84,122",0.35%,Analyze,
BIOS,BioPlus Acquisition Corp. Class A,12/17/2019,"$245,730,800 ",N,0,1,1.03,10.41,"23,560,000","43,745",0.19%,Analyze,
MCAA,Mountain & Co. I Acquisition Corp. Class A,1/17/2002,"$245,870,000 ",N,0,1.01,1.04,10.69,"23,000,000","45,626",0.20%,Analyze,
DMYS,"dMY Technology Group, Inc. VI Class A",11/22/2021,"$246,813,000 ",N,0,1,1.03,10.22,"24,150,000","89,081",0.37%,Analyze,
BYN,Banyan Acquisition Corporation,6/13/2007,"$250,677,000 ",N,0,1,1.03,10.38,"24,150,000","82,151",0.34%,Analyze,
ASAQ,Atlantic Avenue Acquisition Corp. Class A,10/15/2020,"$250,750,000 ",N,0,1,1.01,10.03,"25,000,000","141,340",0.57%,Analyze,
CNGL,Canna-Global Acquisition Corp. Class A,1/20/2022,"$250,878,350 ",N,0,1.01,1.04,10.5,"23,802,500","142,381",0.60%,Analyze,
NVAC,NorthView Acquisition Corporation,1/24/2022,"$251,596,688 ",N,0,1.01,1.04,10.39,"24,168,750","37,404",0.15%,Analyze,
RCLF,Rosecliff Acquisition Corp I - Class A,5/7/2019,"$252,241,000 ",N,0,0.99,1,9.97,"25,300,000","2,874",0.01%,Analyze,
HWEL,Healthwell Acquisition Corp. I Class A,9/23/2021,"$253,375,000 ",N,0,1,1.03,10.12,"25,000,000","182,486",0.73%,Analyze,
SCAQ,Stratim Cloud Acquisition Corp. Class A,5/3/2021,"$253,750,000 ",N,0,1,1.02,10.13,"25,000,000","159,130",0.64%,Analyze,
DNZ,D and Z Media Acquisition Corp. Class A,3/18/2021,"$254,000,000 ",N,0,1.01,1.02,10.16,"25,000,000","4,505",0.02%,Analyze,
AFTR,AfterNext HealthTech Acquisition Corp. Class A,10/4/2021,"$255,000,000 ",N,0,1,1.03,10.2,"25,000,000","7,576",0.03%,Analyze,
SLVR,SilverSPAC Inc. Class A,7/24/1995,"$255,000,000 ",N,0,1,1.03,10.2,"25,000,000","4,317",0.02%,Analyze,
IOAC,Innovative International Acquisition Corp. Class A,1/3/2022,"$256,239,000 ",N,0,1.01,1.04,10.64,"24,060,000","8,942",0.04%,Analyze,
LOKM,Live Oak Mobility Acquisition Corp. Class A,4/22/2021,"$256,542,000 ",N,0,1,1.02,10.14,"25,300,000","108,946",0.43%,Analyze,
ACAQ,Athena Consumer Acquisition Corp. Class A,12/10/2021,"$257,442,000 ",N,0,1.02,1.05,10.7,"24,060,000","1,380",0.01%,Analyze,
NPAB,New Providence Acquisition Corp. II Class A,12/27/2021,"$259,000,000 ",N,0,1.01,1.03,10.36,"25,000,000","10,128",0.04%,Analyze,
FTVI,FinTech Acquisition Corp. VI Class A,8/16/2021,"$259,469,000 ",N,0,1,1.02,10.1,"25,690,000","30,136",0.12%,Analyze,
IACC,ION Acquisition Corp 3 Ltd. Class A,4/30/2021,"$261,602,240 ",N,0,1,1.02,10.04,"26,056,000",212,0.00%,Analyze,
DNAB,Social Capital Suvretta Holdings Corp. II Class A,6/24/2021,"$261,784,400 ",N,0,1,1.03,10.2,"25,640,000","48,670",0.19%,Analyze,
DNAD,Social Capital Suvretta Holdings Corp. IV Class A,6/21/2001,"$261,784,400 ",N,0,1.01,1.04,10.21,"25,640,000","17,606",0.07%,Analyze,
BITE,Bite Acquisition Corp.,4/5/2021,"$262,040,800 ",N,0,1,1.03,10.22,"25,640,000","8,439",0.03%,Analyze,
EMLD,FTAC Emerald Acquisition Corp. Class A,2/7/2022,"$263,364,860 ",N,0,1.01,1.03,10.18,"25,845,423","2,826",0.01%,Analyze,
PFTA,Portage Fintech Acquisition Corporation Class A Ordinary Share,1/3/2000,"$264,814,293 ",N,0,1,1.03,10.19,"25,911,379","10,807",0.04%,Analyze,
GFGD,The Growth for Good Acquisition Corporation Class A,1/31/2022,"$266,481,000 ",N,0,1.01,1.03,10.22,"26,100,000","74,101",0.28%,Analyze,
GFGDR,The Growth for Good Acquisition Corporation Right,1/31/2022,"$266,481,000 ",N,0,1.58,1.85,0.18,"26,100,000","5,577",0.02%,Analyze,
ENER,Accretion Acquisition Corp.,8/11/2017,"$266,838,675 ",N,0,1.01,1.03,10.26,"25,995,000","64,758",0.25%,Analyze,
GGAA,Genesis Growth Tech Acquisition Corp. - Class A,1/31/2022,"$268,686,000 ",N,0,0.97,1.04,10.58,"25,300,000","47,960",0.19%,Analyze,
PEGR,Project Energy Reimagined Acquisition Corp. Class A,12/20/2021,"$269,052,132 ",N,0,1,1.03,10.18,"26,377,660","4,386",0.02%,Analyze,
ATEK,Athena Technology Acquisition Corp. II Class A,1/28/2022,"$269,606,400 ",N,0,1,1.03,10.24,"26,328,750","185,391",0.70%,Analyze,
ATVC,Tribe Capital Growth Corp I - Class A,5/18/2021,"$270,756,000 ",N,0,1,1,9.81,"27,600,000","25,032",0.09%,Analyze,
MTAL,Metals Acquisition Corp Class A,9/19/2021,"$270,848,478 ",N,0,1,1.03,10.21,"26,514,780","116,215",0.44%,Analyze,
IVCA,Investcorp India Acquisition Corp. Class A ordinary share,6/29/2022,"$271,687,500 ",N,0,1,1.04,10.5,"25,875,000","71,532",0.28%,Analyze,
EVE,EVe Mobility Acquisition Corp,12/17/2010,"$272,509,500 ",N,0,1,1.03,10.43,"26,140,000","124,444",0.48%,Analyze,
SPCM,"Sound Point Acquisition Corp I, Ltd - Class A",4/22/2022,"$272,722,500 ",N,0,1,1.03,10.53,"25,875,000","111,869",0.43%,Analyze,
RKTA,Rocket Internet Growth Opportunities Corp. Class A,5/13/2021,"$273,675,000 ",N,0,1,1.03,10.25,"26,700,000","22,775",0.09%,Analyze,
IPVF,InterPrivate III Financial Partners Inc. Class A,4/25/2021,"$274,366,875 ",N,0,1,1.02,10.16,"26,767,500","7,085",0.03%,Analyze,
LGVC,LAMF Global Ventures Corp. I Class A,12/30/2021,"$275,414,580 ",N,0,1,1.03,10.43,"26,406,000","155,069",0.59%,Analyze,
NCAC,Newcourt Acquisition Corp Class A,12/10/2021,"$275,777,000 ",N,0,1.01,1.04,10.55,"26,140,000","1,823",0.01%,Analyze,
WARR,Warrior Technologies Acquisition Company Class A,4/19/2021,"$276,276,000 ",N,-13.99,1,1,10.01,"27,600,000","18,656",0.07%,Analyze,
LVRA,Levere Holdings Corp. Class A,5/10/2021,"$276,711,026 ",N,0,1,1.03,10.2,"27,128,532","158,783",0.59%,Analyze,
MDH,MDH Acquisition Corp. Class A,3/25/2021,"$277,104,000 ",N,0,1,1.02,10.08,"27,600,000","143,952",0.52%,Analyze,
EPWR,Empowerment & Inclusion Capital I Corp. Class A,3/1/2021,"$278,346,000 ",N,0,1,1.02,10.09,"27,600,000","6,710",0.02%,Analyze,
FTEV,FinTech Evolution Acquisition Group Class A,4/21/2021,"$279,038,149 ",N,0,1,1.02,10.18,"27,410,158","44,644",0.16%,Analyze,
VELO,Velocity Acquisition Corp. - Class A,4/15/2021,"$280,024,992 ",N,-18.91,1,1.01,10.02,"23,000,000","368,391",1.60%,Analyze,
ROC,ROC Energy Acquisition Corp.,12/29/2021,"$280,055,930 ",N,0,1,1.03,10.42,"26,851,000","150,566",0.56%,Analyze,
BACA,Berenson Acquisition Corp. I Class A,11/18/2021,"$280,464,450 ",N,0,1,1.03,10.2,"27,510,000","295,894",1.08%,Analyze,
PMGM,Priveterra Acquisition Corp. - Class A,4/11/2021,"$280,692,000 ",N,0,1,1.02,10.1,"27,600,000","10,007",0.04%,Analyze,
BLEU,bleuacacia ltd Class A,1/10/2022,"$281,520,000 ",N,0,1,1.03,10.19,"27,600,000","50,072",0.18%,Analyze,
JUGG,Jaws Juggernaut Acquisition Corporation Class A Ordinary Share,8/9/2021,"$282,072,000 ",N,0,1,1.03,10.22,"27,600,000","216,752",0.79%,Analyze,
ZWRK,Z-Work Acquisition Corp. Class A,3/22/2021,"$282,324,992 ",N,-18.82,1,1.02,10.08,"23,000,000","19,205",0.08%,Analyze,
EAC,Edify Acquisition Corp. Class A,3/1/2021,"$282,348,000 ",N,0,1,1.02,10.16,"27,600,000","1,728",0.01%,Analyze,
CNDA,Concord Acquisition Corp II Class A,10/22/2021,"$283,038,524 ",N,0,1,1.03,10.11,"28,009,750","80,002",0.29%,Analyze,
TMKR,Tastemaker Acquisition Corp. Class A,3/1/2021,"$284,832,000 ",N,0,1,1.03,10.35,"27,600,000","1,280",0.00%,Analyze,
IRAA,Iris Acquisition Corp - Class A,5/26/2021,"$285,419,880 ",N,0,0.98,1.01,10.01,"27,600,000","3,593",0.01%,Analyze,
GTPA,"Gores Technology Partners, Inc. Class A",5/3/2021,"$285,450,000 ",N,0,1,1.01,10,"27,500,000","30,033",0.11%,Analyze,
GGMC,Glenfarne Merger Corp. - Class A,12/31/1999,"$285,872,059 ",N,0,1,1.02,10.08,"28,109,347","4,972",0.02%,Analyze,
BMAC,Black Mountain Acquisition Corp. Class A,11/12/2021,"$285,936,000 ",N,0,1,1.02,10.36,"27,600,000","206,035",0.75%,Analyze,
PACI,PROOF Acquisition Corp I,1/21/2022,"$286,212,000 ",N,0,1,1.03,10.37,"27,600,000","128,313",0.46%,Analyze,
CORS,Corsair Partnering Corporation Class A,8/23/2021,"$286,518,000 ",N,0,1,1.03,10.2,"28,090,000","134,628",0.48%,Analyze,
KCGI,Kensington Capital Acquisition Corp. V Class A,10/4/2021,"$287,178,000 ",N,0,1,1.03,10.41,"27,600,000","189,344",0.69%,Analyze,
NFNT,Infinite Acquisition Corp.,1/10/2022,"$287,592,000 ",N,0,1,1.03,10.42,"27,600,000","38,074",0.14%,Analyze,
STRE,"Supernova Partners Acquisition Company III, Ltd. Class A",5/13/2021,"$288,341,387 ",N,0,1.01,1.03,10.28,"28,103,449","36,613",0.13%,Analyze,
FACA,Figure Acquisition Corp. I Class A,4/12/2021,"$288,650,000 ",N,0,1,1.02,10.04,"28,750,000",961,0.00%,Analyze,
KIII,Kismet Acquisition Three Corp. Class A,4/12/2021,"$288,937,500 ",N,0,1.01,1.03,10.16,"28,750,000","55,974",0.19%,Analyze,
WPCA,Warburg Pincus Capital Corporation IA Class A,4/25/2021,"$289,090,216 ",N,0,1,1.02,10.2,"28,342,178","65,893",0.23%,Analyze,
FWAC,Fifth Wall Acquisition Corp. III Class A,5/19/2021,"$289,467,330 ",N,0,1,1.03,10.17,"28,407,000","25,025",0.09%,Analyze,
AMPI,"Advanced Merger Partners, Inc. Class A",4/22/2021,"$289,512,500 ",N,0,1,1.02,10.07,"28,750,000","3,206",0.01%,Analyze,
NETC,Nabors Energy Transition Corp. Class A,1/7/2022,"$289,535,040 ",N,0,1,1.03,10.49,"27,600,000","144,135",0.52%,Analyze,
ESAC,ESGEN Acquisition Corporation Class A,12/13/2021,"$289,800,000 ",N,0,1.01,1.03,10.5,"27,600,000","11,546",0.04%,Analyze,
FLME,Flame Acquisition Corp. Class A,4/19/2021,"$290,806,250 ",N,0,1,1.02,10.12,"28,750,000","10,701",0.04%,Analyze,
BRKH,BurTech Acquisition Corp. Class A,1/31/2022,"$292,100,000 ",N,0,0.99,1.01,10.17,"28,750,000","47,448",0.17%,Analyze,
LCAA,L Catterton Asia Acquisition Corp Class A,5/3/2021,"$292,811,932 ",N,0,1,1.03,10.25,"28,650,874","1,234,875",4.31%,Analyze,
FLAG,"First Light Acquisition Group, Inc. Class A",11/1/2021,"$293,537,500 ",N,0,1,1.02,10.21,"28,750,000","20,807",0.07%,Analyze,
ARRW,Arrowroot Acquisition Corp. Class A,4/22/2021,"$294,112,500 ",N,0,1.01,1.04,10.26,"28,750,000","1,847",0.01%,Analyze,
XPDB,Power & Digital Infrastructure Acquisition II Corp. Class A,1/31/2022,"$294,400,000 ",N,-35.34,1,1.03,10.24,"28,750,000","332,888",1.16%,Analyze,
IPVI,InterPrivate IV InfraTech Partners Inc. Class A,4/26/2021,"$296,125,000 ",N,0,1.01,1.04,10.3,"28,750,000","8,926",0.03%,Analyze,
WRAC,Williams Rowland Acquisition Corp.,9/16/2021,"$296,130,750 ",N,0,1,1.02,10.29,"28,750,000","5,255",0.02%,Analyze,
IQMD,Intelligent Medicine Acquisition Corp. Class A,12/27/2021,"$296,260,388 ",N,0,1,1.02,10.26,"28,875,000",600,0.00%,Analyze,
HORI,Emerging Markets Horizon Corp. Class A,1/31/2022,"$297,850,000 ",N,0,1.04,1.04,10.4,"28,750,000","39,465",0.14%,Analyze,
APTM,Alpha Partners Technology Merger Corp. Class A,9/17/2021,"$297,992,025 ",N,0,1.01,1.04,10.29,"29,115,000","70,217",0.24%,Analyze,
CIIG,"CIIG Capital Partners II, Inc. Class A",10/1/1987,"$298,137,500 ",N,0,1.01,1.03,10.33,"28,750,000","143,311",0.50%,Analyze,
STET,ST Energy Transition I Ltd.,1/24/2022,"$298,712,500 ",N,0,1,1.03,10.4,"28,750,000","297,796",1.04%,Analyze,
HCMA,HCM Acquisition Corp Class A,3/14/2022,"$299,862,500 ",N,0,1,1.03,10.46,"28,750,000","42,418",0.15%,Analyze,
TINV,Tiga Acquisition Corp. Class A,1/14/2021,"$300,840,000 ",N,0,1.04,1.05,10.9,"27,600,000","531,706",1.93%,Analyze,
PWUP,PowerUp Acquisition Corp. - Class A,4/10/2022,"$301,300,000 ",N,0,1,1.03,10.47,"28,750,000","133,775",0.47%,Analyze,
MEKA,MELI Kaszek Pioneer Corp,9/29/2021,"$303,197,973 ",N,0,1,1.03,10.25,"29,725,000","115,428",0.39%,Analyze,
GOGN,GoGreen Investments Corporation Class A,12/13/2021,"$304,396,200 ",N,0,1,1.03,10.52,"28,935,000","232,966",0.81%,Analyze,
INAQ,Insight Acquisition Corp. Class A,10/25/2021,"$306,900,000 ",N,0,0.99,1.02,10.23,"30,000,000","2,471",0.01%,Analyze,
CHAA,Catcha Investment Corp. Class A,10/31/2013,"$307,200,000 ",N,0,1,1.03,10.24,"30,000,000","13,006",0.04%,Analyze,
CSTA,Constellation Acquisition Corp I Class A,3/19/2021,"$308,400,000 ",N,0,1,1.03,10.28,"30,000,000","1,590",0.01%,Analyze,
JUN,Juniper II Corp. Class A,12/23/2021,"$309,166,000 ",N,0,1,1.03,10.34,"29,900,000","86,250",0.29%,Analyze,
GPAC,Global Partner Acquisition Corp II - Class A,10/29/2015,"$309,600,000 ",N,0,1.01,1.04,10.32,"30,000,000","1,686",0.01%,Analyze,
MBSC,M3-Brigade Acquisition III Corp. Class A,12/13/2021,"$309,900,000 ",N,0,1,1.02,10.33,"30,000,000","66,909",0.22%,Analyze,
DHCA,DHC Acquisition Corp. Class A ordinary share,4/22/2021,"$310,784,453 ",N,0,1,1.01,10.06,"30,945,072","125,141",0.40%,Analyze,
ACAB,Atlantic Coastal Acquisition Corp. II Class A,3/7/2022,"$310,800,000 ",N,0,1,1.03,10.36,"30,000,000","2,621",0.01%,Analyze,
ACDI,Ascendant Digital Acquisition Corp. III,12/31/2021,"$311,100,000 ",N,0,1,1.02,10.38,"30,000,000","192,816",0.64%,Analyze,
AHRN,Ahren Acquisition Corp. Class A,2/3/2022,"$311,697,922 ",N,0,1,1.03,10.39,"29,999,800","8,952",0.03%,Analyze,
GIA,"GigCapital 5, Inc.",11/4/2021,"$311,995,200 ",N,0,1,1.04,10.56,"29,545,000","46,553",0.16%,Analyze,
PPYA,Papaya Growth Opportunity Corp. I Class A,3/3/2022,"$312,900,045 ",N,0,1.01,1.03,10.39,"30,115,500","151,933",0.50%,Analyze,
VPCB,VPC Impact Acquisition Holdings II - Class A ordinary shre,4/26/2021,"$313,016,640 ",N,-14.04,1,1.03,10.28,"25,578,466","287,230",1.12%,Analyze,
ESM,ESM Acquisition Corporation Class A,4/30/2021,"$313,278,995 ",N,0,1,1.03,10.21,"30,694,067","27,068",0.09%,Analyze,
KRNL,"Kernel Group Holdings, Inc. - Class A",3/26/2021,"$313,283,000 ",N,0,1.01,1.03,10.29,"30,475,000","27,989",0.09%,Analyze,
FSRX,FinServ Acquisition Corp. II Class A,4/12/2021,"$313,698,000 ",N,0,0.99,1.02,10.07,"30,800,000","7,177",0.02%,Analyze,
RRAC,Rigel Resource Acquisition Corp. Class A,12/27/2021,"$313,800,000 ",N,0,1,1.03,10.46,"30,000,000","199,101",0.66%,Analyze,
PV,Primavera Capital Acquisition Corporation Class A,3/15/2021,"$315,882,000 ",N,0,0.98,0.98,9.7,"41,400,000","75,634",0.18%,Analyze,
AGGR,Agile Growth Corp. Class A,4/30/2021,"$315,890,000 ",N,0,1,1.02,10.19,"31,000,000","33,355",0.11%,Analyze,
SDAC,Sustainable Development Acquisition I Corp. Class A,3/29/2021,"$319,096,250 ",N,0,1,1.01,10.03,"31,625,000","2,566",0.01%,Analyze,
ENTF,Enterprise 4.0 Technology Acquisition Corp. Class A,12/9/2021,"$320,204,070 ",N,0,1,1.03,10.42,"30,700,000","160,518",0.52%,Analyze,
GATE,Marblegate Acquisition Corp. Class A,3/10/2015,"$320,536,700 ",N,0,1.03,1.04,10.38,"30,910,000","5,864",0.02%,Analyze,
HCNE,Jaws Hurricane Acquisition Corp. Class A,8/2/2021,"$320,993,750 ",N,0,1,1.03,10.13,"31,625,000","56,604",0.18%,Analyze,
BCSA,Blockchain Coinvestors Acquisition Corp. I - Class A,12/31/2021,"$321,050,500 ",N,0,1,1.02,10.25,"31,322,000","50,591",0.16%,Analyze,
ANAC,Arctos NorthStar Acquisition Corp. Class A,4/15/2021,"$322,258,750 ",N,0,1,1.02,10.19,"31,625,000",705,0.00%,Analyze,
PRSR,Prospector Capital Corp. Class A,3/1/2021,"$322,400,000 ",N,0,1,1,9.94,"32,500,000","7,001",0.02%,Analyze,
VCXB,10X Capital Venture Acquisition Corp. III,3/3/2022,"$322,436,665 ",N,-22.5,1,1.01,10.25,"31,153,000","16,684",0.05%,Analyze,
SUAC,ShoulderUp Technology Acquisition Corp. Class A,1/10/2022,"$325,550,940 ",N,0,1,1.03,10.35,"31,350,000","166,461",0.53%,Analyze,
GSRM,GSR II Meteora Acquisition Corp. - Class A,4/18/2022,"$326,370,000 ",N,0,1,1.03,10.26,"31,625,000","100,973",0.32%,Analyze,
PFDR,Pathfinder Acquisition Corporation Class A,4/9/2021,"$327,707,250 ",N,0,1.03,1.06,10.5,"32,500,000","3,119",0.01%,Analyze,
PLMI,Plum Acquisition Corp. I Class A Ordinary Share,5/5/2021,"$328,473,614 ",N,0,1,1.03,10.23,"31,921,634","64,519",0.20%,Analyze,
IPAX,Inflection Point Acquisition Corp. Class A Ordinary Share,11/12/2021,"$334,640,193 ",N,0,1.03,1.05,10.38,"32,975,000","17,975",0.05%,Analyze,
HCAR,Healthcare Services Acquisition Corporation - Class A,1/5/2021,"$334,843,200 ",N,0,1,1.02,10.1,"33,120,000","6,553",0.02%,Analyze,
CLAA,Colonnade Acquisition Corp. II Class A,4/30/2021,"$335,610,000 ",N,0,1,1.02,10.2,"33,000,000","107,499",0.33%,Analyze,
LFAC,LF Capital Acquisition Corp. II Class A,6/29/2018,"$336,545,063 ",N,0,1,1.03,10.44,"32,143,750","116,791",0.36%,Analyze,
PUCK,Goal Acquisitions Corp.,3/25/2021,"$337,249,913 ",N,0,1,1.02,10.17,"33,161,250","15,257",0.05%,Analyze,
BYTS,BYTE Acquisition Corp. Class A,5/9/2021,"$342,676,315 ",N,0,0.99,1,10.01,"33,399,251","7,758",0.02%,Analyze,
HCVI,Hennessy Capital Investment Corp. VI Class A,11/19/2021,"$344,338,835 ",N,0,1,1.03,10.1,"34,092,954","17,230",0.05%,Analyze,
DTOC,Digital Transformation Opportunities Corp. Class A,4/30/2021,"$345,172,500 ",N,0,1.03,1.06,10.46,"33,350,000","18,268",0.05%,Analyze,
LITT,Logistics Innovation Technologies Corp. - Class A,8/4/2021,"$345,668,656 ",N,0,1,1.03,10.13,"34,089,611","294,366",0.86%,Analyze,
MACC,Mission Advancement Corp. Class A,4/23/2021,"$347,070,000 ",N,0,1,1.02,10.04,"34,500,000",478,0.00%,Analyze,
ACAH,Atlantic Coastal Acquisition Corp. - Class A,4/26/2021,"$347,415,000 ",N,0,1,1.02,10.06,"34,500,000","37,812",0.11%,Analyze,
ACII,Atlas Crest Investment Corp. II Class A,3/29/2021,"$347,415,000 ",N,0,0.99,1.02,10.08,"34,500,000","1,204",0.00%,Analyze,
SPGS,"Simon Property Group Acquisition Holdings, Inc. Class A",4/12/2021,"$348,070,500 ",N,0,1,1.02,10.09,"34,500,000","15,469",0.04%,Analyze,
GFX,Golden Falcon Acquisition Corp. Class A,2/8/2021,"$348,105,000 ",N,0,1,1.01,10.09,"34,500,000","5,226",0.02%,Analyze,
FRXB,Forest Road Acquisition Corp. II Class A,4/30/2021,"$348,250,000 ",N,0,1,1,9.95,"35,000,000","59,032",0.17%,Analyze,
TWNI,Tailwind International Acquisition Corp. Class A,4/9/2021,"$348,622,500 ",N,0,1,1.02,10.11,"34,500,000","42,879",0.12%,Analyze,
ACRO,Acropolis Infrastructure Acquisition Corp. Class A,8/30/2021,"$348,795,000 ",N,0,1,1.03,10.11,"34,500,000","200,203",0.58%,Analyze,
ONYX,Onyx Acquisition Co. I - Class A,12/10/2021,"$348,809,375 ",N,0,1.02,1.04,10.62,"33,062,500","2,248",0.01%,Analyze,
ZT,Zimmer Energy Transition Acquisition Corp. - Class A,12/18/2012,"$349,140,000 ",N,-19.11,1,1.03,10.12,"34,500,000","96,843",0.28%,Analyze,
PTOC,Pine Technology Acquisition Corp. Class A,5/3/2021,"$350,175,000 ",N,0,1,1.03,10.17,"34,500,000","304,843",0.88%,Analyze,
NFYS,Enphys Acquisition Corp.,11/26/2021,"$350,865,000 ",N,0,1.01,1.04,10.27,"34,500,000","29,921",0.09%,Analyze,
BLUA,BlueRiver Acquisition Corp. Class A,3/22/2021,"$350,987,816 ",N,0,1,1.02,10.14,"34,614,183","32,901",0.10%,Analyze,
TPGY,TPG Pace Beneficial Finance Corp. Class A,11/27/2020,"$351,400,000 ",N,0,1,1.01,10.04,"35,000,000","244,098",0.70%,Analyze,
JCIC,Jack Creek Investment Corp. Class A,3/15/2021,"$351,555,000 ",N,0,0.99,0.99,9.85,"34,500,000","84,836",0.25%,Analyze,
TRTL,TortoiseEcofin Acquisition Corp. III Class A,9/9/2021,"$351,900,000 ",N,0,1,1.04,10.2,"34,500,000","97,812",0.28%,Analyze,
TIOA,Tio Tech A Class A,6/1/2021,"$352,245,000 ",N,0,1,1.03,10.19,"34,500,000","9,010",0.03%,Analyze,
ROSS,Ross Acquisition Corp II Class A,2/17/2006,"$352,590,000 ",N,0,1,1.04,10.22,"34,500,000","57,194",0.17%,Analyze,
RONI,Rice Acquisition Corp. II Class A,8/6/2021,"$352,615,550 ",N,0,1,1.02,10.22,"34,502,500","248,441",0.72%,Analyze,
FCAX,Fortress Capital Acquisition Corp. Class A,3/5/2021,"$354,550,000 ",N,0,1,1.02,10.13,"35,000,000","769,214",2.20%,Analyze,
FACT,Freedom Acquisition I Corp. Class A,4/19/2021,"$355,036,050 ",N,0,1,1.03,10.29,"34,500,000","73,836",0.21%,Analyze,
MTVC,Motive Capital Corp II Class A,1/27/2022,"$355,882,854 ",N,0,1,1.03,10.4,"34,137,444","422,456",1.24%,Analyze,
GLBL,Cartesian Growth Corporation Class A,7/25/2017,"$356,385,000 ",N,0,1.02,1.04,10.33,"34,500,000","52,366",0.15%,Analyze,
CNDB,Concord Acquisition Corp III,12/27/2021,"$357,765,000 ",N,0,1,1.03,10.37,"34,500,000","243,616",0.71%,Analyze,
CPAA,Conyers Park III Acquisition Corp. Class A,9/9/2019,"$359,856,000 ",N,0,1,1.03,10.08,"35,700,000","31,665",0.09%,Analyze,
KVSA,Khosla Ventures Acquisition Co. - Class A,3/4/2021,"$359,868,600 ",N,0,1,1.02,10.13,"35,490,000","188,221",0.53%,Analyze,
DISA,Disruptive Acquisition Corporation I Class A,5/23/2017,"$359,906,250 ",N,0,1,1.05,10.48,"34,375,000","6,567",0.02%,Analyze,
PSPC,Post Holdings Partnering Corporation Series A,7/16/2021,"$360,170,800 ",N,0,1,1.03,10.12,"35,590,000","47,674",0.13%,Analyze,
IVCB,Investcorp Europe Acquisition Corp I Class A,2/2/2022,"$360,870,000 ",N,0,1,1.03,10.45,"34,500,000","241,083",0.70%,Analyze,
PCPC,Periphas Capital Partnering Corporation Class A,2/1/2021,"$361,296,000 ",N,0,1,1.01,25.09,"14,400,000","59,281",0.41%,Analyze,
BFAC,Battery Future Acquisition Corp.,2/3/2022,"$361,560,000 ",N,0,1.01,1.04,10.51,"34,500,000","189,173",0.55%,Analyze,
ICNC,Iconic Sports Acquisition Corp. Class A,12/13/2021,"$362,595,000 ",N,0,1,1.03,10.51,"34,500,000","165,785",0.48%,Analyze,
GAMC,Golden Arrow Merger Corp. Class A,5/6/2021,"$364,406,250 ",N,0,1,1.03,10.17,"35,937,500","148,033",0.41%,Analyze,
HIGA,H.I.G. Acquisition Corp. Class A,12/11/2020,"$365,400,780 ",N,0,1,1.01,10.05,"36,394,500","202,970",0.56%,Analyze,
LGTO,Legato Merger Corp. II,12/22/2021,"$368,087,750 ",N,0,1.01,1.03,10.29,"35,911,000","591,382",1.65%,Analyze,
CXAC,C5 Acquisition Corporation Class A,2/28/2022,"$374,109,375 ",N,0,1,1.03,10.41,"35,937,500","160,560",0.45%,Analyze,
ENPC,Executive Network Partnering Corporation Class A,11/6/2020,"$388,629,500 ",N,0,0.95,0.93,9.21,"42,014,000","109,601",0.26%,Analyze,
LGST,Semper Paratus Acquisition Corporation Class A,1/3/2022,"$390,057,500 ",N,0,0.98,1.04,10.61,"35,950,000","6,712",0.02%,Analyze,
TETC,Tech and Energy Transition Corporation Class A,5/7/2021,"$391,352,500 ",N,0,1,1.03,10.17,"38,500,000","311,174",0.81%,Analyze,
MBAC,M3-Brigade Acquisition II Corp. Class A,4/26/2021,"$398,400,000 ",N,0,1,1.01,9.96,"40,000,000","158,021",0.40%,Analyze,
NSTB,Northern Star Investment Corp. II Class A,2/11/2021,"$399,600,000 ",N,0,1,1.01,9.99,"40,000,000","7,925",0.02%,Analyze,
COOL,Corner Growth Acquisition Corp. - Class A,2/19/2021,"$402,000,000 ",N,0,1,1.01,10.08,"40,000,000","2,720",0.01%,Analyze,
AAQC,Accelerate Acquisition Corp. Class A,5/10/2021,"$404,600,000 ",N,0,1,1.03,10.13,"40,000,000","302,780",0.76%,Analyze,
YTPG,TPG Pace Beneficial II Corp. Class A,4/14/2021,"$408,770,000 ",N,-28.34,1,1.01,9.97,"41,000,000","171,286",0.42%,Analyze,
PRPC,CC Neuberger Principal Holdings III Class A,3/26/2021,"$412,562,500 ",N,0,1,1.03,10.25,"40,250,000","9,475",0.02%,Analyze,
SNRH,Senior Connect Acquisition Corp. I Class A,2/1/2021,"$414,000,000 ",N,0,1,1.01,9.99,"41,400,000","5,851",0.01%,Analyze,
EQD,Equity Distribution Acquisition Corp. Class A,11/6/2020,"$414,828,000 ",N,0,1,1.01,10.02,"41,400,000","214,959",0.52%,Analyze,
PDOT,Peridot Acquisition Corp. II Class A,4/29/2021,"$415,806,946 ",N,0,1,1.02,10.19,"40,845,476","59,153",0.14%,Analyze,
TCVA,TCV Acquisition Corp. Class A,4/7/2021,"$420,042,000 ",N,0,1,1.03,10.22,"41,100,000","360,596",0.88%,Analyze,
TBCP,Thunder Bridge Capital Partners III Inc. Class A,3/29/2021,"$421,485,820 ",N,0,1,1,9.94,"42,403,000","3,714",0.01%,Analyze,
AGAC,African Gold Acquisition Corporation Class A,3/25/2021,"$423,729,000 ",N,0,1,1.03,10.24,"41,400,000","17,921",0.04%,Analyze,
ANZU,Anzu Special Acquisition Corp I Class A,4/22/2021,"$424,150,000 ",N,0,1,1.01,9.97,"42,500,000","66,729",0.16%,Analyze,
HHLA,HH&L Acquisition Co. Class A,3/29/2021,"$426,420,000 ",N,0,1,1.03,10.3,"41,400,000","9,004",0.02%,Analyze,
ACQR,Independence Holdings Corp. Class A Ordinary Share,4/29/2021,"$428,318,746 ",N,0,1,1.03,10.2,"42,033,243","33,975",0.08%,Analyze,
DGNU,Dragoneer Growth Opportunities Corp. III,3/17/2021,"$430,245,384 ",N,0,1.01,1.02,9.98,"43,067,606","9,653",0.02%,Analyze,
VTIQ,VectoIQ Acquisition Corp. II - Class A,3/3/2021,"$431,445,024 ",N,-18.37,1,1.02,10.06,"35,400,000",480,0.00%,Analyze,
ZING,FTAC Zeus Acquisition Corp. Class A,1/10/2022,"$431,635,263 ",N,-28.87,1,1.03,10.26,"42,028,750","157,366",0.37%,Analyze,
TRAQ,Trine II Acquisition Corp. Class A,12/27/2021,"$432,216,000 ",N,0,1,1.03,10.44,"41,400,000","108,643",0.26%,Analyze,
SLAC,Social Leverage Acquisition Corp I Class A,4/5/2021,"$433,841,813 ",N,0,1.01,1.02,10.09,"43,125,000","9,954",0.02%,Analyze,
FMIV,Forum Merger IV Corporation Class A,5/13/2021,"$436,489,747 ",N,0,1,1.03,10.15,"43,003,916","388,785",0.90%,Analyze,
DCRD,Decarbonization Plus Acquisition Corporation IV Class A,10/1/2021,"$447,493,750 ",N,0,0.92,0.93,9.33,"31,625,000","12,001",0.04%,Analyze,
TWLV,Twelve Seas Investment Company II Class A,4/12/2019,"$451,758,000 ",N,0,1,1.02,10.14,"44,290,000","89,676",0.20%,Analyze,
CCV,Churchill Capital Corp V Class A,2/5/2021,"$454,050,000 ",N,0,0.99,1.01,10.09,"45,000,000","825,756",1.84%,Analyze,
IPOD,Social Capital Hedosophia Holdings Corp. IV Class A,11/30/2020,"$461,380,000 ",N,0,1,1.01,10.03,"46,000,000","605,476",1.32%,Analyze,
TSPQ,TCW Special Purpose Acquisition Corp. Class A,4/21/2021,"$464,860,856 ",N,0,1,1.02,10.02,"46,393,299","315,525",0.68%,Analyze,
AGCB,Altimeter Growth Corp. 2 Class A,1/7/2021,"$465,840,500 ",N,0,1,1.02,10.11,"46,100,000","1,910",0.00%,Analyze,
AAC,Ares Acquisition Corporation Class A,10/25/2019,"$485,949,818 ",N,0,1,1.03,10.3,"46,997,081","138,553",0.29%,Analyze,
RMGC,RMG Acquisition Corp. III Class A,3/29/2021,"$492,660,000 ",N,0,1.01,1.01,10.09,"48,300,000","5,999",0.01%,Analyze,
LCA,"Landcadia Holdings IV, Inc. Class A",6/6/2019,"$502,005,000 ",N,0,1.01,1.02,10.1,"50,000,000","39,109",0.08%,Analyze,
NSTD,Northern Star Investment Corp. IV Class A,4/22/2021,"$503,500,000 ",N,0,1,1.01,10.07,"50,000,000","78,480",0.16%,Analyze,
NSTC,Northern Star Investment Corp. III Class A,11/25/2011,"$504,500,000 ",N,0,1,1.01,10.09,"50,000,000","109,603",0.22%,Analyze,
MIT,"Mason Industrial Technology, Inc. Class A",3/22/2021,"$507,000,000 ",N,0,1.01,1.03,10.14,"50,000,000","1,653,260",3.31%,Analyze,
FSNB,Fusion Acquisition Corp. II Class A,4/19/2021,"$509,000,000 ",N,0,1,1.03,10.18,"50,000,000","8,969",0.02%,Analyze,
ALCC,AltC Acquisition Corp. Class A,7/8/2021,"$521,265,675 ",N,0,1,1.03,10.13,"51,450,000","186,676",0.36%,Analyze,
CFIV,CF Acquisition Corp. IV Class A,2/16/2021,"$525,300,000 ",N,0,1,1.03,10.3,"51,000,000",959,0.00%,Analyze,
GHIX,"Gores Holdings IX, Inc. Class A",3/3/2022,"$527,362,500 ",N,0,1,1.03,10.06,"52,500,000","122,252",0.23%,Analyze,
HZON,Horizon Acquisition Corporation II Class A,12/10/2020,"$527,625,000 ",N,0,1,1.01,10.05,"52,500,000","3,263",0.01%,Analyze,
CCVI,Churchill Capital Corp VI Class A,4/5/2021,"$556,968,000 ",N,0,1,1.02,10.1,"55,200,000","428,714",0.78%,Analyze,
WPCB,Warburg Pincus Capital Corporation IB Class A,4/25/2021,"$559,725,000 ",N,0,1,1.02,10.2,"54,875,000","27,257",0.05%,Analyze,
ZURA,Zura Bio Limited Class A,3/21/2023,"$572,872,500 ",N,0,0,0,0,"17,250,000",0,0.00%,Analyze,
VAQC,Vector Acquisition Corporation II - Class A,3/10/2021,"$574,073,500 ",N,0,0.99,1.01,10.01,"57,350,000","15,212",0.03%,Analyze,
GOAC,GO Acquisition Corp. Class A,9/25/2020,"$575,575,000 ",N,0,1,1,10.01,"57,500,000","165,698",0.29%,Analyze,
VYGG,Vy Global Growth Class A,11/20/2020,"$577,875,000 ",N,-13.05,1,1.01,10.05,"57,500,000","481,448",0.84%,Analyze,
KVSC,Khosla Ventures Acquisition Co. III Class A,3/24/2021,"$585,076,637 ",N,0,1,1.03,10.13,"57,756,825","240,520",0.42%,Analyze,
MSDA,MSD Acquisition Corp. Class A,5/17/2021,"$587,644,250 ",N,0,1,1.03,10.22,"57,500,000","104,841",0.18%,Analyze,
SLAM,Slam Corp. - Class A,4/15/2021,"$591,675,000 ",N,0,1,1.03,10.29,"57,500,000","9,118",0.02%,Analyze,
AVAN,Avanti Acquisition Corp. Class A,11/23/2020,"$602,400,000 ",N,0,1,1.01,10.04,"60,000,000","7,653,430",12.76%,Analyze,
SMIH,Summit Healthcare Acquisition Corp. Class A,7/30/2021,"$604,878,287 ",N,0,1.21,1.3,13,"20,000,000","108,644",0.54%,Analyze,
PNTM,Pontem Corporation Class A,3/5/2021,"$619,200,000 ",N,0,1,1.03,10.32,"60,000,000","138,135",0.23%,Analyze,
EOCW,Elliott Opportunity II Corp. Class A,8/19/2021,"$622,909,000 ",N,0,1,1.03,10.22,"60,950,000","267,246",0.44%,Analyze,
FVIV,Fortress Value Acquisition Corp. IV Class A,5/6/2021,"$652,600,000 ",N,0,1,1.02,10.04,"65,000,000",574,0.00%,Analyze,
DHHC,DiamondHead Holdings Corp. Class A,3/18/2021,"$652,740,000 ",N,0,1.02,1.04,10.27,"34,500,000","69,471",0.20%,Analyze,
SLCR,Silver Crest Acquisition Corporation - Class A,3/8/2021,"$664,630,817 ",N,0,0.91,0.84,7.99,"34,500,000","275,509",0.80%,Analyze,
AUS,Austerlitz Acquisition Corporation I Class A,4/19/2021,"$688,620,000 ",N,0,1,1.01,9.98,"69,000,000","7,659",0.01%,Analyze,
LGV,Longview Acquisition Corp. II Class A,5/10/2021,"$696,210,000 ",N,0,1,1.02,10.09,"69,000,000",100,0.00%,Analyze,
APGB,Apollo Strategic Growth Capital II Class A,4/5/2021,"$705,180,000 ",N,0,1,1.03,10.23,"69,000,000","449,529",0.65%,Analyze,
BOAC,Bluescape Opportunities Acquisition Corp. Class A,12/18/2020,"$754,818,750 ",N,0,1,1,9.94,"75,937,500","15,342",0.02%,Analyze,
SCRM,Screaming Eagle Acquisition Corp. Class A,2/28/2022,"$760,125,000 ",N,0,1,1.04,10.14,"75,000,000","436,574",0.58%,Analyze,
HERA,FTAC Hera Acquisition Corp. Class A,4/26/2021,"$886,349,797 ",N,0,1,1.03,10.19,"87,067,760","238,561",0.27%,Analyze,
CPUH,Compute Health Acquisition Corp. Class A,3/29/2021,"$1,104,000,000 ",N,0,1,1.02,10.24,"107,812,500","28,021",0.03%,Analyze,
IPOF,Social Capital Hedosophia Holdings Corp. VI Class A,11/30/2020,"$1,153,450,000 ",N,0,1,1,10.03,"115,000,000","952,276",0.83%,Analyze,
ASZ,Austerlitz Acquisition Corporation II Class A,4/19/2021,"$1,377,930,000 ",N,0,1,1.02,9.99,"138,000,000","6,712",0.00%,Analyze,
KAHC,KKR Acquisition Holdings I Corp. Class A,5/7/2021,"$1,381,380,000 ",N,0,1,1.01,10.01,"138,000,000","9,301",0.01%,Analyze,
CVII,Churchill Capital Corp VII Class A,4/5/2021,"$1,396,560,000 ",N,0,1,1.02,10.11,"138,000,000","1,025,171",0.74%,Analyze,
PSTH,"Pershing Square Tontine Holdings, Ltd. Class A",9/11/2020,"$4,028,000,000 ",N,0,1,1.01,20.14,"200,000,000","18,155,855",9.08%,Analyze,
GLAQ,Globis Acquisition Corp.,2/5/2021,$0 ,Y,0,0.95,0.95,9.47,"15,050,833","27,176",0.18%,Analyze,1
GLSPT,Global SPAC Partners Co. Subunit (1 class A share and 1/4 warrant),5/10/2021,$0 ,Y,0,1.32,1.36,14.01,"15,460,635","265,442",1.72%,Analyze,1
ISAA,Iron Spark I Inc.,6/9/2021,$0 ,Y,0,1,1.02,10.08,"17,870,800","22,799",0.13%,Analyze,1
EDNC,Endurance Acquisition Corp. Class A,11/5/2021,$0 ,Y,0,0.86,0.84,8.29,"20,000,000","116,601",0.58%,Analyze,1
ASAX,Astrea Acquisition Corp. Class A,3/14/2021,$0 ,Y,0,0.99,1.01,9.95,"22,037,500","17,944",0.08%,Analyze,1
ASPC,Alpha Capital Acquisition Company - One Class A,4/12/2021,$0 ,Y,0,0.72,0.71,6.95,"23,000,000","395,433",1.72%,Analyze,1
BIOT,Biotech Acquisition Company - Class A,3/18/2021,$0 ,Y,0,1,1.02,10.15,"23,000,000","44,434",0.19%,Analyze,1
BLTS,Bright Lights Acquisition Corp. Class A,3/1/2021,$0 ,Y,0,1,1.01,10.01,"23,000,000","1,200",0.01%,Analyze,1
GACQ,Global Consumer Acquisition Corp.,7/30/2021,$0 ,Y,0,1.02,1.02,10.3,"23,282,362","11,528",0.05%,Analyze,1
RVAC,Riverview Acquisition Corp. Class A,9/28/2021,$0 ,Y,0,1.01,1.01,10.01,"25,000,000","1,102,186",4.41%,Analyze,1
FTCV,FinTech Acquisition Corp. V Class A,1/25/2021,$0 ,Y,0,1,1.01,10.06,"25,640,000","44,120",0.17%,Analyze,1
EJFA,EJF Acquisition Corp. Class A ordinary share,4/19/2021,$0 ,Y,0,0.72,0.67,5.91,"28,750,000","355,622",1.24%,Analyze,1
GIIX,"Gores Holdings VIII, Inc. Class A",4/19/2021,$0 ,Y,0,1,1.02,10.06,"34,500,000","82,744",0.24%,Analyze,1
NAAC,North Atlantic Acquisition Corporation Class A Ordinary Share,3/15/2021,$0 ,Y,0,1,1.02,10.13,"37,950,000",500,0.00%,Analyze,1
BSGA,Blue Safari Group Acquisition Corp. Class A Ordinary Share,7/27/2021,"$22,152,435 ",Y,0,1.01,1.04,10.7,"2,068,388","6,043",0.29%,Analyze,1
CLAQ,CleanTech Acquisition Corp.,8/3/2021,"$128,943,750 ",Y,0,0.62,0.57,5.6,"21,562,500","48,482",0.22%,Analyze,0.5
CHWA,CHW Acquisition Corporation,9/24/2021,"$129,892,500 ",Y,0,0.83,0.8,7.77,"15,687,500","257,523",1.64%,Analyze,0.5
AHPA,Avista Public Acquisition Corp. II Class A,9/30/2021,"$140,875,000 ",Y,0,0.74,0.62,6.13,"23,000,000","65,979",0.29%,Analyze,0.5
DSAC,Duddell Street Acquisition Corp. - Class A,11/30/2020,"$148,925,000 ",Y,0,0.87,0.85,8.43,"17,500,000","409,953",2.34%,Analyze,0.5
TCAC,Tuatara Capital Acquisition Corporation Class A,4/5/2021,"$171,000,000 ",Y,0,0.94,0.93,8.55,"20,000,000","70,881",0.35%,Analyze,0.5
POND,Angel Pond Holdings Corporation Class A,7/9/2021,"$177,894,929 ",Y,0,1.08,1.13,11.23,"26,551,482","176,960",0.67%,Analyze,0.5
DYNS,Dynamics Special Purpose Corp. - Class A,5/26/2021,"$178,103,405 ",Y,0,0.85,0.85,7.51,"23,715,500","92,114",0.39%,Analyze,0.5
QFTA,Quantum FinTech Acquisition Corporation,3/10/2021,"$178,150,000 ",Y,0,1,1.02,10.18,"17,500,000","20,582",0.12%,Analyze,0.5
LNFA,L&F Acquisition Corp. Class A,1/7/2021,"$188,887,500 ",Y,0,1.03,1.07,10.95,"17,250,000","617,901",3.58%,Analyze,0.5
OPA,Magnum Opus Acquisition Limited Class A,5/14/2021,"$204,800,000 ",Y,0,1,1.03,10.26,"20,000,000","206,321",1.03%,Analyze,0.5
OCA,Omnichannel Acquisition Corp. Class A,1/12/2021,"$206,396,750 ",Y,0,1,1,9.99,"20,650,000","64,002",0.31%,Analyze,0.5
AACI,Armada Acquisition Corp. I,11/10/2021,"$208,958,855 ",Y,0,1,1.01,10.09,"20,709,500","1,925",0.01%,Analyze,0.5
VCXA,10X Capital Venture Acquisition Corp. II Class A Ordinary Share,5/25/2007,"$209,441,700 ",Y,-23.53,1,1.02,10.14,"20,655,000","7,149",0.03%,Analyze,0.5
BOAS,BOA Acquisition Corp. Class A,4/5/2021,"$209,990,000 ",Y,0,1.02,0.94,9.21,"23,000,000","105,881",0.46%,Analyze,0.5
FRSG,First Reserve Sustainable Growth Corp. - Class A,4/26/2021,"$225,998,583 ",Y,0,1.01,1.03,10.16,"22,243,955","5,794",0.03%,Analyze,0.5
ACTD,ArcLight Clean Transition Corp. II - Class A,5/19/2021,"$236,483,918 ",Y,0,0.8,0.78,7.6,"31,116,305","883,774",2.84%,Analyze,0.5
DNAC,Social Capital Suvretta Holdings Corp. III - Class A,6/30/2021,"$237,939,200 ",Y,0,1,1,9.28,"25,640,000","338,836",1.32%,Analyze,0.5
ADEX,Adit EdTech Acquisition Corp.,3/3/2021,"$246,960,000 ",Y,0,1,1.03,10.29,"24,000,000","15,787",0.07%,Analyze,0.5
THCP,"Thunder Bridge Capital Partners IV, Inc. Class A",8/20/2021,"$247,382,551 ",Y,0,1,1.02,10.09,"24,300,840","165,516",0.68%,Analyze,0.5
ITHX,ITHAX Acquisition Corp. - Class A,3/19/2021,"$251,477,250 ",Y,0,0.98,1.01,10.13,"24,825,000","1,559,480",6.28%,Analyze,0.5
XPOA,"DPCM Capital, Inc. Class A",12/11/2020,"$259,800,000 ",Y,-11.08,0.95,0.89,8.66,"30,000,000","233,357",0.78%,Analyze,0.5
CPTK,Crown PropTech Acquisitions Class A,3/30/2021,"$275,310,000 ",Y,0,1,1,9.98,"27,600,000","1,728",0.01%,Analyze,0.5
HTPA,Highland Transcend Partners I Corp. Class A,1/25/2021,"$276,375,000 ",Y,0,1,1.01,10.05,"27,500,000","1,101",0.00%,Analyze,0.5
ADER,26 Capital Acquisition Corp. - Class A,3/8/2021,"$284,625,000 ",Y,0,1,1.04,10.35,"27,500,000","5,087",0.02%,Analyze,0.5
BRPM,B. Riley Principal 150 Merger Corp. Class A,4/25/2019,"$287,514,150 ",Y,0,1.28,1.31,13.02,"22,082,500","756,613",3.43%,Analyze,0.5
CND,Concord Acquisition Corp. Class A,1/28/2021,"$288,056,320 ",Y,0,1,1.01,10.16,"28,352,000","92,205",0.33%,Analyze,0.5
HUGS,USHG Acquisition Corp. Class A,4/19/2021,"$288,937,500 ",Y,0,1,1.02,10.05,"28,750,000","54,684",0.19%,Analyze,0.5
SPKB,Silver Spike Acquisition Corp II - Class A,5/3/2021,"$294,400,000 ",Y,0,1,1.03,10.21,"28,750,000","43,441",0.15%,Analyze,0.5
SVFC,SVF Investment Corp. 3 - Class A,8/28/2001,"$300,664,000 ",Y,0,0.98,0.98,9.1,"33,040,000","138,321",0.42%,Analyze,0.5
GSQD,G Squared Ascend I Inc. Class A,3/26/2021,"$331,571,545 ",Y,0,1,1.02,10.17,"32,591,048",500,0.00%,Analyze,0.5
AURC,Aurora Acquisition Corp. Class A,4/26/2021,"$354,453,662 ",Y,0,1,1.03,10.22,"34,750,359","12,660",0.04%,Analyze,0.5
DNAA,Social Capital Suvretta Holdings Corp. I - Class A,6/30/2021,"$360,754,800 ",Y,0,0.96,0.97,9.58,"25,640,000","47,675",0.19%,Analyze,0.5
CFVI,CF Acquisition Corp. VI Class A,4/12/2021,"$369,628,000 ",Y,0,1.01,1.15,12.04,"30,700,000","2,829,591",9.22%,Analyze,0.5
DWAC,Digital World Acquisition Corp. Class A,9/30/2021,"$405,367,659 ",Y,0,0.82,0.53,12.5,"30,027,234","343,456",1.14%,Analyze,0.5
BREZ,Breeze Holdings Acquisition Corp.,12/23/2020,$0 ,Y,0,1,1.02,10.58,0,"10,444",0.00%,Analyze,
HYAC,HAYMAKER ACQUISITION CORP. III Class A,7/23/2019,$0 ,Y,0,0,0,0,0,"28,791",0.00%,Analyze,
LCAP,Lionheart Acquisition Corp. II - Class A,10/13/2020,$0 ,Y,0,1.18,1.18,1.8,0,"366,621",0.00%,Analyze,
SPK,SPK Acquisition Corp,7/23/2021,$0 ,Y,0,1.01,1.02,10.3,"6,596,275","33,515",0.51%,Analyze,
BENE,Benessere Capital Acquisition Corp. - Class A,1/28/2021,$0 ,Y,0,1,1.01,10.44,"10,723,239","20,260",0.19%,Analyze,
NMMC,North Mountain Merger Corp. - Class A,11/10/2020,$0 ,Y,0,1,1.01,10.01,"13,225,000","41,845",0.32%,Analyze,
GGPI,"Gores Guggenheim, Inc. Class A",5/13/2021,$0 ,Y,0,0.99,1,10.09,"80,000,000","4,050,977",5.06%,Analyze,
DUNE,Dune Acquisition Corporation - Class A,2/19/2021,"$11,702,335 ",Y,0,1.02,1.01,9.9,"1,182,054",181,0.02%,Analyze,
MCAE,Mountain Crest Acquisition Corp. III,6/17/2021,"$16,056,067 ",Y,0,0.54,0.5,4.97,"3,230,597","171,885",5.32%,Analyze,
RAM,Aries I Acquisition Corporation - Class A,1/4/2000,"$24,338,215 ",Y,0,1,1.03,10.6,"2,296,058","24,757",1.08%,Analyze,
VTAQ,Ventoux CCM Acquisition Corp.,2/5/2021,"$27,837,590 ",Y,-44.53,0.7,0.53,5.08,"5,567,518","282,612",5.08%,Analyze,
ACEV,ACE Convergence Acquisition Corp. - Class A,9/17/2020,"$41,346,723 ",Y,0,0.96,0.96,9.78,"3,945,298","31,566",0.80%,Analyze,
MPAC,Model Performance Acquisition Corp. Class A,6/7/2021,"$48,739,000 ",Y,0,0.84,0.82,8.4,"6,100,000","46,298",0.76%,Analyze,
MLAC,Malacca Straits Acquisition Company Limited - Class A,8/6/2020,"$49,408,286 ",Y,0,1,1.02,10.48,"4,705,551",128,0.00%,Analyze,
GPCO,Golden Path Acquisition Corporation,7/30/2021,"$62,724,496 ",Y,0,0.91,0.85,8.41,"7,458,323","1,313,085",17.61%,Analyze,
RNER,Mount Rainier Acquisition Corp.,1/3/2022,"$71,579,050 ",Y,0,0.58,0.5,4.99,"7,622,902","10,675,947",140.05%,Analyze,
ACAC,Acri Capital Acquisition Corporation - Class A,12/21/2020,"$90,476,250 ",Y,0,1.01,1.03,10.49,"8,625,000","17,710",0.21%,Analyze,
ARIZ,Arisz Acquisition Corp.,12/9/2021,"$92,040,362 ",Y,0,1.01,1.03,10.33,"8,901,389",820,0.01%,Analyze,
MCAC,Monterey Capital Acquisition Corporation - Class A,7/1/2022,"$95,901,260 ",Y,0,1,1.03,10.22,"9,338,000","2,236",0.02%,Analyze,
DWIN,Delwinds Insurance Acquisition Corp. Class A,12/17/2019,"$98,108,455 ",Y,0,0.88,0.84,8.4,"11,679,578","100,966",0.86%,Analyze,
VHAQ,Viveon Health Acquisition Corp.,2/4/2021,"$109,397,028 ",Y,-15.69,1.01,1.04,10.87,"10,064,124","3,309",0.03%,Analyze,
OACB,Oaktree Acquisition Corp. II Class A,11/9/2020,"$129,063,238 ",Y,0,0.99,0.98,9.38,"13,759,407","23,084",0.17%,Analyze,
BCAC,Brookline Capital Acquisition Corp.,7/18/2017,"$153,203,749 ",Y,0,1.98,2.17,22.71,"6,746,092","183,635",2.72%,Analyze,
FOUN,Founder SPAC - Class A,12/6/2021,"$210,665,023 ",Y,0,0.94,0.93,9.32,"46,300,005","809,306",1.75%,Analyze,
VGII,Virgin Group Acquisition Corp. II Class A,5/13/2021,"$239,890,000 ",Y,-7.6,0.83,0.74,6.11,"40,250,000","1,651,008",4.10%,Analyze,
IMPX,AEA-Bridges Impact Corp. Class A,11/23/2020,"$375,600,000 ",Y,0,0,0,0,"40,000,000","448,563",1.12%,Analyze,
TWND,Tailwind Acquisition Corp. Class A,10/23/2020,"$409,414,237 ",Y,0,1.03,0.88,8.61,"41,776,963","30,220",0.07%,Analyze,
RBAC,RedBall Acquisition Corp. Class A,10/5/2020,"$576,150,000 ",Y,0,1,1.01,10.02,"57,500,000","1,966,168",3.42%,Analyze,
APSG,Apollo Strategic Growth Capital Class A,11/23/2020,"$603,622,590 ",Y,0,0,0,0,"81,681,000","1,077,575",1.32%,Analyze,
FPAC,Far Peak Acquisition Corporation Class A,9/8/2020,"$612,000,000 ",Y,0,1,1.03,10.21,"60,000,000","2,751,779",4.59%,Analyze,
WALD,Waldencast Acquisition Corp. Class A Ordinary Share,5/10/2021,"$691,684,480 ",Y,-6.69,1,0.92,8.28,"86,460,560","16,520",0.02%,Analyze,
PRPB,CC Neuberger Principal Holdings II Class A,9/21/2020,"$774,180,000 ",Y,0,0.99,0.95,9.35,"82,800,000","234,081",0.28%,Analyze,
CRHC,Cohn Robbins Holdings Corp. Class A,10/30/2020,"$828,000,000 ",Y,0,1,1.02,10,"82,800,000","19,961",0.02%,Analyze,
PAQC,Provident Acquisition Corp. Class A,3/1/2021,"$930,526,456 ",Y,0,1.23,1.13,11,"101,475,077","442,615",0.44%,Analyze,
ESSC,East Stone Acquisition Corporation,3/17/2020,"$1,793,074,616 ",Y,0,0.77,0.72,7.3,"7,145,437","418,384",5.86%,Analyze,
